2026-10-01T10:40:09.2433813Z Current runner version: '2.337.0'
2026-10-01T10:40:09.2460150Z ##[group]Runner Image Provisioner
2026-10-01T10:40:09.2461092Z Hosted Compute Agent
2026-10-01T10:40:09.2461761Z Version: 20260901.588
2026-10-01T10:40:09.2462445Z Commit: f88ec8081b781fac6c440065ac7ff9e710ce3d0b
2026-10-01T10:40:09.2463237Z Build Date: 2026-09-01T19:56:44Z
2026-10-01T10:40:09.2464009Z Worker ID: {6ecf67f5-6c5b-4cc1-abc2-70a8dbe3de96}
2026-10-01T10:40:09.2464788Z Azure Region: eastus
2026-10-01T10:40:09.2465359Z ##[endgroup]
2026-10-01T10:40:09.2466957Z ##[group]Operating System
2026-10-01T10:40:09.2467762Z Ubuntu
2026-10-01T10:40:09.2468428Z 24.04.5
2026-10-01T10:40:09.2469394Z LTS
2026-10-01T10:40:09.2469929Z ##[endgroup]
2026-10-01T10:40:09.2470591Z ##[group]Runner Image
2026-10-01T10:40:09.2471256Z Image: ubuntu-24.04
2026-10-01T10:40:09.2471872Z Version: 20260927.320.1
2026-10-01T10:40:09.2473237Z Included Software: https://github.com/actions/runner-images/blob/ubuntu24/20260927.320/images/ubuntu/Ubuntu2404-Readme.md
2026-10-01T10:40:09.2474980Z Image Release: https://github.com/actions/runner-images/releases/tag/ubuntu24%2F20260927.320
2026-10-01T10:40:09.2476002Z ##[endgroup]
2026-10-01T10:40:09.2477306Z ##[group]GITHUB_TOKEN Permissions
2026-10-01T10:40:09.2480007Z Contents: read
2026-10-01T10:40:09.2480738Z Metadata: read
2026-10-01T10:40:09.2481409Z Packages: read
2026-10-01T10:40:09.2482037Z ##[endgroup]
2026-10-01T10:40:09.2484201Z Secret source: Actions
2026-10-01T10:40:09.2485301Z Cache mode: write
2026-10-01T10:40:09.2486840Z Prepare workflow directory
2026-10-01T10:40:09.3005637Z Prepare all required actions
2026-10-01T10:40:09.3054535Z Getting action download info
2026-10-01T10:40:09.5507998Z Download action repository 'actions/checkout@v7' (SHA:3d3c42e5aac5ba805825da76410c181273ba90b1)
2026-10-01T10:40:09.6725064Z Download action repository 'actions/setup-java@v6' (SHA:de7274f081f381c8f8158605e0321c36c376e2e6)
2026-10-01T10:40:09.9685802Z Download action repository 'actions/upload-artifact@v7' (SHA:043fb46d1a93c77aae656e7c1c64a875d1fc6a0a)
2026-10-01T10:40:10.1424897Z Complete job name: trivy
2026-10-01T10:40:10.2164204Z ##[group]Run actions/checkout@v7
2026-10-01T10:40:10.2165153Z with:
2026-10-01T10:40:10.2165628Z   repository: silverspy/Widoco
2026-10-01T10:40:10.2169736Z   token: ***
2026-10-01T10:40:10.2170203Z   ssh-strict: true
2026-10-01T10:40:10.2170645Z   ssh-user: git
2026-10-01T10:40:10.2171102Z   persist-credentials: true
2026-10-01T10:40:10.2171613Z   clean: true
2026-10-01T10:40:10.2172082Z   sparse-checkout-cone-mode: true
2026-10-01T10:40:10.2172623Z   fetch-depth: 1
2026-10-01T10:40:10.2173064Z   fetch-tags: false
2026-10-01T10:40:10.2173514Z   show-progress: true
2026-10-01T10:40:10.2173977Z   lfs: false
2026-10-01T10:40:10.2174402Z   submodules: false
2026-10-01T10:40:10.2174870Z   set-safe-directory: true
2026-10-01T10:40:10.2175388Z   allow-unsafe-pr-checkout: false
2026-10-01T10:40:10.2176207Z env:
2026-10-01T10:40:10.2176626Z   REGISTRY: ghcr.io
2026-10-01T10:40:10.2177106Z   IMAGE_NAME: silverspy/Widoco
2026-10-01T10:40:10.2177667Z ##[endgroup]
2026-10-01T10:40:10.3320372Z Syncing repository: silverspy/Widoco
2026-10-01T10:40:10.3322816Z ##[group]Getting Git version info
2026-10-01T10:40:10.3323864Z Working directory is '/home/runner/work/Widoco/Widoco'
2026-10-01T10:40:10.3325434Z [command]/usr/bin/git version
2026-10-01T10:40:10.3427068Z git version 2.55.0
2026-10-01T10:40:10.3454512Z ##[endgroup]
2026-10-01T10:40:10.3466337Z Temporarily overriding HOME='/home/runner/work/_temp/1124319e-eb0e-46f7-9216-f64197ca0e56' before making global git config changes
2026-10-01T10:40:10.3473786Z Adding repository directory to the temporary git global config as a safe directory
2026-10-01T10:40:10.3475709Z [command]/usr/bin/git config --global --add safe.directory /home/runner/work/Widoco/Widoco
2026-10-01T10:40:10.3529332Z Deleting the contents of '/home/runner/work/Widoco/Widoco'
2026-10-01T10:40:10.3533176Z ##[group]Determining repository object format
2026-10-01T10:40:10.3534735Z ##[endgroup]
2026-10-01T10:40:10.3535830Z ##[group]Initializing the repository
2026-10-01T10:40:10.3540220Z [command]/usr/bin/git init /home/runner/work/Widoco/Widoco
2026-10-01T10:40:10.3686814Z hint: Using 'master' as the name for the initial branch. This default branch name
2026-10-01T10:40:10.3689341Z hint: will change to "main" in Git 3.0. To configure the initial branch name
2026-10-01T10:40:10.3691664Z hint: to use in all of your new repositories, which will suppress this warning,
2026-10-01T10:40:10.3693271Z hint: call:
2026-10-01T10:40:10.3693959Z hint:
2026-10-01T10:40:10.3694837Z hint: 	git config --global init.defaultBranch <name>
2026-10-01T10:40:10.3695968Z hint:
2026-10-01T10:40:10.3697078Z hint: Names commonly chosen instead of 'master' are 'main', 'trunk' and
2026-10-01T10:40:10.3698218Z hint: 'development'. The just-created branch can be renamed via this command:
2026-10-01T10:40:10.3699420Z hint:
2026-10-01T10:40:10.3699877Z hint: 	git branch -m <name>
2026-10-01T10:40:10.3700428Z hint:
2026-10-01T10:40:10.3701096Z hint: Disable this message with "git config set advice.defaultBranchName false"
2026-10-01T10:40:10.3702149Z Initialized empty Git repository in /home/runner/work/Widoco/Widoco/.git/
2026-10-01T10:40:10.3703968Z [command]/usr/bin/git remote add origin https://github.com/silverspy/Widoco
2026-10-01T10:40:10.3764112Z ##[endgroup]
2026-10-01T10:40:10.3765467Z ##[group]Disabling automatic garbage collection
2026-10-01T10:40:10.3769126Z [command]/usr/bin/git config --local gc.auto 0
2026-10-01T10:40:10.3841845Z ##[endgroup]
2026-10-01T10:40:10.3843143Z ##[group]Setting up auth
2026-10-01T10:40:10.3844055Z Removing SSH command configuration
2026-10-01T10:40:10.3845333Z [command]/usr/bin/git config --local --name-only --get-regexp core\.sshCommand
2026-10-01T10:40:10.3873756Z [command]/usr/bin/git submodule foreach --recursive sh -c "git config --local --name-only --get-regexp 'core\.sshCommand' && git config --local --unset-all 'core.sshCommand' || :"
2026-10-01T10:40:10.4300431Z Removing HTTP extra header
2026-10-01T10:40:10.4306532Z [command]/usr/bin/git config --local --name-only --get-regexp http\.https\:\/\/github\.com\/\.extraheader
2026-10-01T10:40:10.4343916Z [command]/usr/bin/git submodule foreach --recursive sh -c "git config --local --name-only --get-regexp 'http\.https\:\/\/github\.com\/\.extraheader' && git config --local --unset-all 'http.https://github.com/.extraheader' || :"
2026-10-01T10:40:10.4567818Z Removing includeIf entries pointing to credentials config files
2026-10-01T10:40:10.4580775Z [command]/usr/bin/git config --local --name-only --get-regexp ^includeIf\.gitdir:
2026-10-01T10:40:10.4618249Z [command]/usr/bin/git submodule foreach --recursive git config --local --show-origin --name-only --get-regexp remote.origin.url
2026-10-01T10:40:10.4852961Z [command]/usr/bin/git config --file /home/runner/work/_temp/git-credentials-be237441-fc77-43ad-8d22-a899e2ed371c.config http.https://github.com/.extraheader AUTHORIZATION: basic ***
2026-10-01T10:40:10.4895266Z [command]/usr/bin/git config --local includeIf.gitdir:/home/runner/work/Widoco/Widoco/.git.path /home/runner/work/_temp/git-credentials-be237441-fc77-43ad-8d22-a899e2ed371c.config
2026-10-01T10:40:10.4932003Z [command]/usr/bin/git config --local includeIf.gitdir:/home/runner/work/Widoco/Widoco/.git/worktrees/*.path /home/runner/work/_temp/git-credentials-be237441-fc77-43ad-8d22-a899e2ed371c.config
2026-10-01T10:40:10.5039065Z [command]/usr/bin/git config --local includeIf.gitdir:/github/workspace/.git.path /github/runner_temp/git-credentials-be237441-fc77-43ad-8d22-a899e2ed371c.config
2026-10-01T10:40:10.5052631Z [command]/usr/bin/git config --local includeIf.gitdir:/github/workspace/.git/worktrees/*.path /github/runner_temp/git-credentials-be237441-fc77-43ad-8d22-a899e2ed371c.config
2026-10-01T10:40:10.5056646Z ##[endgroup]
2026-10-01T10:40:10.5057445Z ##[group]Fetching the repository
2026-10-01T10:40:10.5059321Z [command]/usr/bin/git -c protocol.version=2 fetch --no-tags --prune --no-recurse-submodules --depth=1 origin +b71cb1ac009c188d2234ff8c926cff4d532c9229:refs/remotes/pull/1/merge
2026-10-01T10:40:11.0960205Z From https://github.com/silverspy/Widoco
2026-10-01T10:40:11.0962496Z  * [new ref]         b71cb1ac009c188d2234ff8c926cff4d532c9229 -> pull/1/merge
2026-10-01T10:40:11.0966241Z ##[endgroup]
2026-10-01T10:40:11.0967410Z ##[group]Determining the checkout info
2026-10-01T10:40:11.0969050Z ##[endgroup]
2026-10-01T10:40:11.0971721Z [command]/usr/bin/git sparse-checkout disable
2026-10-01T10:40:11.1028388Z [command]/usr/bin/git config --local --unset-all extensions.worktreeConfig
2026-10-01T10:40:11.1063091Z ##[group]Checking out the ref
2026-10-01T10:40:11.1066313Z [command]/usr/bin/git checkout --progress --force refs/remotes/pull/1/merge
2026-10-01T10:40:11.2010534Z Note: switching to 'refs/remotes/pull/1/merge'.
2026-10-01T10:40:11.2011496Z 
2026-10-01T10:40:11.2012514Z You are in 'detached HEAD' state. You can look around, make experimental
2026-10-01T10:40:11.2014336Z changes and commit them, and you can discard any commits you make in this
2026-10-01T10:40:11.2016219Z state without impacting any branches by switching back to a branch.
2026-10-01T10:40:11.2017471Z 
2026-10-01T10:40:11.2019148Z If you want to create a new branch to retain commits you create, you may
2026-10-01T10:40:11.2020903Z do so (now or later) by using -c with the switch command. Example:
2026-10-01T10:40:11.2021811Z 
2026-10-01T10:40:11.2022193Z   git switch -c <new-branch-name>
2026-10-01T10:40:11.2022853Z 
2026-10-01T10:40:11.2023272Z Or undo this operation with:
2026-10-01T10:40:11.2023931Z 
2026-10-01T10:40:11.2024345Z   git switch -
2026-10-01T10:40:11.2024884Z 
2026-10-01T10:40:11.2026106Z Turn off this advice by setting config variable advice.detachedHead to false
2026-10-01T10:40:11.2027581Z 
2026-10-01T10:40:11.2029407Z HEAD is now at b71cb1a Merge dcf1aa2f4ea5ff8eafe00de45467719de92e5b65 into 4fc48c92c3d731cc723749206aaac2d05d00cc6d
2026-10-01T10:40:11.2034755Z ##[endgroup]
2026-10-01T10:40:11.2079568Z [command]/usr/bin/git log -1 --format=%H
2026-10-01T10:40:11.2109990Z b71cb1ac009c188d2234ff8c926cff4d532c9229
2026-10-01T10:40:11.2620677Z ##[group]Run actions/setup-java@v6
2026-10-01T10:40:11.2621804Z with:
2026-10-01T10:40:11.2622579Z   java-version: 11
2026-10-01T10:40:11.2623438Z   distribution: zulu
2026-10-01T10:40:11.2624320Z   cache: maven
2026-10-01T10:40:11.2625137Z   java-package: jdk
2026-10-01T10:40:11.2625999Z   check-latest: false
2026-10-01T10:40:11.2626971Z   force-download: false
2026-10-01T10:40:11.2627886Z   set-default: true
2026-10-01T10:40:11.2628980Z   server-id: github
2026-10-01T10:40:11.2629940Z   mvn-repositories-include-central: true
2026-10-01T10:40:11.2631208Z   mvn-repositories-prioritize-central: true
2026-10-01T10:40:11.2632426Z   overwrite-settings: true
2026-10-01T10:40:11.2633399Z   cache-read-only: false
2026-10-01T10:40:11.2634320Z   job-status: success
2026-10-01T10:40:11.2643367Z   token: ***
2026-10-01T10:40:11.2644249Z   show-download-progress: false
2026-10-01T10:40:11.2645300Z   problem-matcher: true
2026-10-01T10:40:11.2646220Z env:
2026-10-01T10:40:11.2647010Z   REGISTRY: ghcr.io
2026-10-01T10:40:11.2647901Z   IMAGE_NAME: silverspy/Widoco
2026-10-01T10:40:11.2649037Z ##[endgroup]
2026-10-01T10:40:11.3406061Z ##[group]Installed distributions
2026-10-01T10:40:11.3896974Z Trying to resolve the latest version from remote
2026-10-01T10:40:11.4910839Z Cache hit for: setup-java-jdkres-v2-Linux-x64-b635c9710b9362608c39f81a382220bfcfce2b71974488f21fef88d4c77397e7-2026-10-01
2026-10-01T10:40:11.6320426Z Cache hit for: setup-java-Linux-x64-maven-4a7eea6cc09df84163e06720feed812a1ff15480338be53aff6e25b213ff9cdb
2026-10-01T10:40:11.7231670Z Received 555 of 555 (100.0%), 0.0 MBs/sec
2026-10-01T10:40:11.7232745Z Cache Size: ~0 MB (555 B)
2026-10-01T10:40:11.7260933Z [command]/usr/bin/tar -xf /home/runner/work/_temp/45956112-0c8d-46ac-8331-938bb77b77a0/cache.tzst -P -C /home/runner/work/Widoco/Widoco --use-compress-program unzstd
2026-10-01T10:40:11.7336107Z Cache restored successfully
2026-10-01T10:40:11.7342022Z Resolved Zulu 11.0.32+9 from the resolution cache
2026-10-01T10:40:11.7342865Z Resolved latest version as 11.0.32+9
2026-10-01T10:40:11.7894437Z Cache hit for: setup-java-jdk-v1-Linux-x64-7778c6be2b07899c8885cd75966e952e32e0fa66598a48b8a5e296db91cd90f6
2026-10-01T10:40:12.1465704Z Received 63879244 of 63879244 (100.0%), 124.8 MBs/sec
2026-10-01T10:40:12.1466903Z Cache Size: ~61 MB (63879244 B)
2026-10-01T10:40:12.1916185Z [command]/usr/bin/tar -xf /home/runner/work/_temp/3d06ba06-a48b-4548-88f9-451a67b45df5/cache.tzst -P -C /home/runner/work/Widoco/Widoco --use-compress-program unzstd
2026-10-01T10:40:12.5770796Z Cache restored successfully
2026-10-01T10:40:12.5805707Z Cache restored from key: setup-java-Linux-x64-maven-4a7eea6cc09df84163e06720feed812a1ff15480338be53aff6e25b213ff9cdb
2026-10-01T10:40:12.8339998Z Received 189889896 of 189889896 (100.0%), 180.7 MBs/sec
2026-10-01T10:40:12.8340893Z Cache Size: ~181 MB (189889896 B)
2026-10-01T10:40:12.8415563Z [command]/usr/bin/tar -xf /home/runner/work/_temp/12572478-b141-47d3-9c3f-b2e4e2d9afac/cache.tzst -P -C /home/runner/work/Widoco/Widoco --use-compress-program unzstd
2026-10-01T10:40:13.3320004Z Cache restored successfully
2026-10-01T10:40:13.3403914Z JDK cache restored from key: setup-java-jdk-v1-Linux-x64-7778c6be2b07899c8885cd75966e952e32e0fa66598a48b8a5e296db91cd90f6
2026-10-01T10:40:13.3409528Z Setting Java 11.0.32+9 as the default
2026-10-01T10:40:13.3410473Z 
2026-10-01T10:40:13.3410981Z Java configuration:
2026-10-01T10:40:13.3411520Z   Distribution: zulu
2026-10-01T10:40:13.3411937Z   Version: 11.0.32+9
2026-10-01T10:40:13.3412524Z   Path: /opt/hostedtoolcache/Java_Zulu_jdk/11.0.32-9/x64
2026-10-01T10:40:13.3413060Z 
2026-10-01T10:40:13.3414008Z ##[endgroup]
2026-10-01T10:40:13.3457150Z Creating settings.xml with server-id: github
2026-10-01T10:40:13.3459269Z Creating toolchains.xml for JDK version 11 from zulu
2026-10-01T10:40:13.3463833Z Writing to /home/runner/.m2/settings.xml
2026-10-01T10:40:13.3466784Z Writing to /home/runner/.m2/toolchains.xml
2026-10-01T10:40:13.3475873Z Configured MAVEN_ARGS to include -ntp to suppress Maven transfer progress logs. Set 'show-download-progress: true' to keep the download progress output.
2026-10-01T10:40:13.3714233Z ##[group]Run mvn --batch-mode -f build-reactor/pom.xml install
2026-10-01T10:40:13.3714841Z [36;1mmvn --batch-mode -f build-reactor/pom.xml install[0m
2026-10-01T10:40:13.4002954Z shell: /usr/bin/bash -e {0}
2026-10-01T10:40:13.4003300Z env:
2026-10-01T10:40:13.4003528Z   REGISTRY: ghcr.io
2026-10-01T10:40:13.4003798Z   IMAGE_NAME: silverspy/Widoco
2026-10-01T10:40:13.4004210Z   JAVA_HOME: /opt/hostedtoolcache/Java_Zulu_jdk/11.0.32-9/x64
2026-10-01T10:40:13.4004698Z   JAVA_HOME_11_X64: /opt/hostedtoolcache/Java_Zulu_jdk/11.0.32-9/x64
2026-10-01T10:40:13.4005138Z   MAVEN_ARGS: -ntp
2026-10-01T10:40:13.4005382Z ##[endgroup]
2026-10-01T10:40:16.5902509Z [INFO] Scanning for projects...
2026-10-01T10:40:17.2770233Z [INFO] ------------------------------------------------------------------------
2026-10-01T10:40:17.2771542Z [INFO] Reactor Build Order:
2026-10-01T10:40:17.2772323Z [INFO] 
2026-10-01T10:40:17.2774369Z [INFO] owl2vowl-core                                                      [jar]
2026-10-01T10:40:17.2775602Z [INFO] Widoco                                                             [jar]
2026-10-01T10:40:17.2776906Z [INFO] widoco-converter-reactor                                           [pom]
2026-10-01T10:40:17.2961838Z [INFO] 
2026-10-01T10:40:17.2979625Z [INFO] ------------------< it.gov.innovazione:owl2vowl-core >------------------
2026-10-01T10:40:17.2984363Z [INFO] Building owl2vowl-core 1.0.0-teamdigitale-5cdef094                 [1/3]
2026-10-01T10:40:17.3009294Z [INFO]   from /home/runner/work/Widoco/Widoco/owl2vowl-core/pom.xml
2026-10-01T10:40:17.3029470Z [INFO] --------------------------------[ jar ]---------------------------------
2026-10-01T10:40:18.1761846Z [INFO] 
2026-10-01T10:40:18.1775824Z [INFO] --- resources:3.4.0:resources (default-resources) @ owl2vowl-core ---
2026-10-01T10:40:18.3053530Z [INFO] Copying 2 resources from src/main/resources to target/classes
2026-10-01T10:40:18.3085993Z [INFO] 
2026-10-01T10:40:18.3086633Z [INFO] --- compiler:3.14.1:compile (default-compile) @ owl2vowl-core ---
2026-10-01T10:40:18.4266520Z [INFO] Recompiling the module because of changed source code.
2026-10-01T10:40:18.4353614Z [INFO] Compiling 91 source files with javac [debug release 11] to target/classes
2026-10-01T10:40:20.2376084Z [INFO] /home/runner/work/Widoco/Widoco/owl2vowl-core/src/main/java/it/gov/innovazione/owl2vowl/export/types/JsonGenerator.java: Some input files use unchecked or unsafe operations.
2026-10-01T10:40:20.2404232Z [INFO] /home/runner/work/Widoco/Widoco/owl2vowl-core/src/main/java/it/gov/innovazione/owl2vowl/export/types/JsonGenerator.java: Recompile with -Xlint:unchecked for details.
2026-10-01T10:40:20.2419386Z [INFO] 
2026-10-01T10:40:20.2426769Z [INFO] --- resources:3.4.0:testResources (default-testResources) @ owl2vowl-core ---
2026-10-01T10:40:20.2463936Z [INFO] skip non existing resourceDirectory /home/runner/work/Widoco/Widoco/owl2vowl-core/src/test/resources
2026-10-01T10:40:20.2484244Z [INFO] 
2026-10-01T10:40:20.2509481Z [INFO] --- compiler:3.14.1:testCompile (default-testCompile) @ owl2vowl-core ---
2026-10-01T10:40:20.2510455Z [INFO] Recompiling the module because of changed dependency.
2026-10-01T10:40:20.2534519Z [INFO] Compiling 1 source file with javac [debug release 11] to target/test-classes
2026-10-01T10:40:20.4435522Z [INFO] 
2026-10-01T10:40:20.4436573Z [INFO] --- surefire:3.5.4:test (default-test) @ owl2vowl-core ---
2026-10-01T10:40:20.5697466Z [INFO] Using auto detected provider org.apache.maven.surefire.junit4.JUnit4Provider
2026-10-01T10:40:20.6082675Z [INFO] 
2026-10-01T10:40:20.6089851Z [INFO] -------------------------------------------------------
2026-10-01T10:40:20.6107260Z [INFO]  T E S T S
2026-10-01T10:40:20.6129441Z [INFO] -------------------------------------------------------
2026-10-01T10:40:21.0328232Z [INFO] Running ConverterTest
2026-10-01T10:40:21.8615769Z Converting Ontology:
2026-10-01T10:40:21.8640077Z [main] INFO it.gov.innovazione.owl2vowl.converter.OntologyConverter - Converting Ontolgy...
2026-10-01T10:40:21.8641485Z   -> preLoadOntontology()10:40:21
2026-10-01T10:40:21.8681652Z [main] INFO it.gov.innovazione.owl2vowl.converter.OntologyConverter - Loading ontology ... [Ontology(OntologyID(OntologyIRI(<https://example.org/main>) VersionIRI(<null>))) [Axioms: 17 Logical Axioms: 16] First 20 axioms: {DataPropertyDomain(<https://example.org/main#name> <https://example.org/main#Person>) ObjectPropertyRange(<https://example.org/main#exact> <https://example.org/imported#External>) ObjectPropertyRange(<https://example.org/main#knows> <https://example.org/imported#External>) ObjectPropertyRange(<https://example.org/main#min> <https://example.org/imported#External>) ObjectPropertyRange(<https://example.org/main#max> <https://example.org/imported#External>) Declaration(Class(<https://example.org/main#Person>)) SubClassOf(<https://example.org/main#Person> ObjectMaxCardinality(3 <https://example.org/main#max> owl:Thing)) SubClassOf(<https://example.org/main#Child> ObjectAllValuesFrom(<https://example.org/main#knows> <https://example.org/imported#External>)) SubClassOf(<https://example.org/main#Child> ObjectSomeValuesFrom(<https://example.org/main#knows> <https://example.org/imported#External>)) SubClassOf(<https://example.org/main#Person> ObjectExactCardinality(2 <https://example.org/main#exact> owl:Thing)) SubClassOf(<https://example.org/main#Person> ObjectMinCardinality(1 <https://example.org/main#min> owl:Thing)) SubClassOf(<https://example.org/main#Child> <https://example.org/main#Person>) ObjectPropertyDomain(<https://example.org/main#knows> <https://example.org/main#Person>) ObjectPropertyDomain(<https://example.org/main#min> <https://example.org/main#Person>) ObjectPropertyDomain(<https://example.org/main#exact> <https://example.org/main#Person>) ObjectPropertyDomain(<https://example.org/main#max> <https://example.org/main#Person>) DataPropertyRange(<https://example.org/main#name> xsd:string) }]
2026-10-01T10:40:21.8699672Z [main] INFO it.gov.innovazione.owl2vowl.converter.OntologyConverter - Ontologies loaded! Main Ontology: https://example.org/main
2026-10-01T10:40:21.9493327Z   -> preParsing() 10:40:21
2026-10-01T10:40:21.9521100Z [main] INFO it.gov.innovazione.owl2vowl.converter.AbstractConverter - WalkStructure Success!
2026-10-01T10:40:21.9522041Z   -> parsing()10:40:21
2026-10-01T10:40:21.9557973Z   -> postParsing() 10:40:21
2026-10-01T10:40:22.0491594Z --- Finished --- 10:40:21
2026-10-01T10:40:22.4330263Z [INFO] Tests run: 1, Failures: 0, Errors: 0, Skipped: 0, Time elapsed: 1.381 s -- in ConverterTest
2026-10-01T10:40:22.4551716Z [INFO] 
2026-10-01T10:40:22.4552800Z [INFO] Results:
2026-10-01T10:40:22.4553529Z [INFO] 
2026-10-01T10:40:22.4554277Z [INFO] Tests run: 1, Failures: 0, Errors: 0, Skipped: 0
2026-10-01T10:40:22.4554978Z [INFO] 
2026-10-01T10:40:22.4620893Z [INFO] 
2026-10-01T10:40:22.4621522Z [INFO] --- jar:3.5.0:jar (default-jar) @ owl2vowl-core ---
2026-10-01T10:40:22.6960294Z [INFO] Building jar: /home/runner/work/Widoco/Widoco/owl2vowl-core/target/owl2vowl-core-1.0.0-teamdigitale-5cdef094.jar
2026-10-01T10:40:22.7589251Z [INFO] 
2026-10-01T10:40:22.7617632Z [INFO] --- install:3.1.4:install (default-install) @ owl2vowl-core ---
2026-10-01T10:40:22.9195489Z [INFO] Installing /home/runner/work/Widoco/Widoco/owl2vowl-core/pom.xml to /home/runner/.m2/repository/it/gov/innovazione/owl2vowl-core/1.0.0-teamdigitale-5cdef094/owl2vowl-core-1.0.0-teamdigitale-5cdef094.pom
2026-10-01T10:40:22.9216804Z [INFO] Installing /home/runner/work/Widoco/Widoco/owl2vowl-core/target/owl2vowl-core-1.0.0-teamdigitale-5cdef094.jar to /home/runner/.m2/repository/it/gov/innovazione/owl2vowl-core/1.0.0-teamdigitale-5cdef094/owl2vowl-core-1.0.0-teamdigitale-5cdef094.jar
2026-10-01T10:40:22.9259261Z [INFO] 
2026-10-01T10:40:22.9259942Z [INFO] ---------------------------< es.oeg:widoco >----------------------------
2026-10-01T10:40:22.9267138Z [INFO] Building Widoco 1.4.26                                             [2/3]
2026-10-01T10:40:22.9268279Z [INFO]   from /home/runner/work/Widoco/Widoco/pom.xml
2026-10-01T10:40:22.9269821Z [INFO] --------------------------------[ jar ]---------------------------------
2026-10-01T10:40:22.9739606Z [INFO] 
2026-10-01T10:40:22.9779392Z [INFO] --- resources:3.4.0:resources (default-resources) @ widoco ---
2026-10-01T10:40:23.0097422Z [INFO] Copying 96 resources from src/main/resources to target/classes
2026-10-01T10:40:23.0308425Z [INFO] 
2026-10-01T10:40:23.0309656Z [INFO] --- compiler:3.14.1:compile (default-compile) @ widoco ---
2026-10-01T10:40:23.0806110Z [INFO] Recompiling the module because of changed dependency.
2026-10-01T10:40:23.0873797Z [INFO] Compiling 31 source files with javac [debug release 11] to target/classes
2026-10-01T10:40:24.2480788Z [INFO] /home/runner/work/Widoco/Widoco/src/main/java/oops/OOPSevaluation.java: /home/runner/work/Widoco/Widoco/src/main/java/oops/OOPSevaluation.java uses unchecked or unsafe operations.
2026-10-01T10:40:24.2483192Z [INFO] /home/runner/work/Widoco/Widoco/src/main/java/oops/OOPSevaluation.java: Recompile with -Xlint:unchecked for details.
2026-10-01T10:40:24.2484373Z [INFO] 
2026-10-01T10:40:24.2485051Z [INFO] --- resources:3.4.0:testResources (default-testResources) @ widoco ---
2026-10-01T10:40:24.2539909Z [INFO] Copying 5 resources from src/test/resources to target/test-classes
2026-10-01T10:40:24.2541513Z [INFO] 
2026-10-01T10:40:24.2542105Z [INFO] --- compiler:3.14.1:testCompile (default-testCompile) @ widoco ---
2026-10-01T10:40:24.2587365Z [INFO] Recompiling the module because of changed dependency.
2026-10-01T10:40:24.2629973Z [INFO] Compiling 7 source files with javac [debug release 11] to target/test-classes
2026-10-01T10:40:24.4669660Z [INFO] 
2026-10-01T10:40:24.4690314Z [INFO] --- surefire:3.5.4:test (default-test) @ widoco ---
2026-10-01T10:40:24.5589405Z [INFO] Using auto detected provider org.apache.maven.surefire.junit4.JUnit4Provider
2026-10-01T10:40:24.5821348Z [INFO] 
2026-10-01T10:40:24.5822690Z [INFO] -------------------------------------------------------
2026-10-01T10:40:24.5823517Z [INFO]  T E S T S
2026-10-01T10:40:24.5824212Z [INFO] -------------------------------------------------------
2026-10-01T10:40:25.0042056Z [INFO] Running oops.OOPSevaluationTest
2026-10-01T10:40:25.5270552Z [main] INFO org.semanticweb.owlapi.rdf.rdfxml.parser.AbstractState - Notice: root element does not have an xml:base. Relative IRIs will be resolved against inputstream:ontology43212001055
2026-10-01T10:40:25.5304168Z [main] INFO oops.OOPSevaluation - Pitfall number: 3
2026-10-01T10:40:25.5814670Z [main] INFO org.semanticweb.owlapi.rdf.rdfxml.parser.AbstractState - Notice: root element does not have an xml:base. Relative IRIs will be resolved against inputstream:ontology43212001056
2026-10-01T10:40:25.6108923Z [INFO] Tests run: 2, Failures: 0, Errors: 0, Skipped: 0, Time elapsed: 0.593 s -- in oops.OOPSevaluationTest
2026-10-01T10:40:25.6119406Z [INFO] Running diagram.DiagramGenerationTest
2026-10-01T10:40:25.6241816Z [main] INFO widoco.WidocoUtils - Copying resource folder from lode to tmp1790851225597
2026-10-01T10:40:25.7220237Z [main] WARN widoco.Configuration - Error while reading configuration properties from [/home/runner/work/Widoco/Widoco/target/config/config.properties]: /home/runner/work/Widoco/Widoco/target/config/config.properties (No such file or directory)
2026-10-01T10:40:25.7222299Z Converting Ontology:
2026-10-01T10:40:25.7223650Z [main] WARN widoco.Configuration - Error while loading the default property file: /home/runner/work/Widoco/Widoco/target/config/config.properties (No such file or directory)
2026-10-01T10:40:25.8250330Z [main] INFO it.gov.innovazione.owl2vowl.converter.OntologyConverter - Converting Ontolgy...
2026-10-01T10:40:25.8251438Z   -> preLoadOntontology()10:40:25
2026-10-01T10:40:25.8264542Z [main] INFO it.gov.innovazione.owl2vowl.converter.OntologyConverter - Loading ontology ... [Ontology(OntologyID(OntologyIRI(<https://example.org/diagram>) VersionIRI(<null>))) [Axioms: 2 Logical Axioms: 0] First 20 axioms: {Declaration(Class(<https://example.org/diagram#Person>)) AnnotationAssertion(rdfs:label <https://example.org/diagram#Person> "Person — café"@en) }]
2026-10-01T10:40:25.8268241Z [main] INFO it.gov.innovazione.owl2vowl.converter.OntologyConverter - Ontologies loaded! Main Ontology: https://example.org/diagram
2026-10-01T10:40:25.8269716Z   -> preParsing() 10:40:25
2026-10-01T10:40:25.8270766Z [main] INFO it.gov.innovazione.owl2vowl.converter.AbstractConverter - WalkStructure Success!
2026-10-01T10:40:25.8275922Z   -> parsing()10:40:25
2026-10-01T10:40:25.8276544Z   -> postParsing() 10:40:25
2026-10-01T10:40:25.8277167Z --- Finished --- 10:40:25
2026-10-01T10:40:25.9680113Z [main] INFO it.gov.innovazione.owl2vowl.converter.OntologyConverter - Converting Ontolgy...
2026-10-01T10:40:25.9681105Z Converting Ontology:
2026-10-01T10:40:25.9702735Z [main] INFO it.gov.innovazione.owl2vowl.converter.OntologyConverter - Loading ontology ... [Ontology(OntologyID(OntologyIRI(<https://example.org/diagram>) VersionIRI(<null>))) [Axioms: 2 Logical Axioms: 0] First 20 axioms: {Declaration(Class(<https://example.org/diagram#Person>)) AnnotationAssertion(rdfs:label <https://example.org/diagram#Person> "Person — café"@en) }]
2026-10-01T10:40:25.9739886Z [main] INFO it.gov.innovazione.owl2vowl.converter.OntologyConverter - Ontologies loaded! Main Ontology: https://example.org/diagram
2026-10-01T10:40:25.9741171Z   -> preLoadOntontology()10:40:25
2026-10-01T10:40:25.9763405Z [main] INFO it.gov.innovazione.owl2vowl.converter.AbstractConverter - WalkStructure Success!
2026-10-01T10:40:25.9769138Z   -> preParsing() 10:40:25
2026-10-01T10:40:25.9789090Z   -> parsing()10:40:25
2026-10-01T10:40:25.9789610Z   -> postParsing() 10:40:25
2026-10-01T10:40:25.9790119Z --- Finished --- 10:40:25
2026-10-01T10:40:25.9859773Z [INFO] Tests run: 1, Failures: 0, Errors: 0, Skipped: 0, Time elapsed: 0.349 s -- in diagram.DiagramGenerationTest
2026-10-01T10:40:25.9860945Z [INFO] Running widoco.OntologyLanguageTest
2026-10-01T10:40:26.0278142Z [main] INFO widoco.WidocoUtils - Copying resource folder from lode to tmp1790851225962
2026-10-01T10:40:26.0283354Z [main] WARN widoco.Configuration - Error while reading configuration properties from [/home/runner/work/Widoco/Widoco/target/config/config.properties]: /home/runner/work/Widoco/Widoco/target/config/config.properties (No such file or directory)
2026-10-01T10:40:26.0286599Z [main] WARN widoco.Configuration - Error while loading the default property file: /home/runner/work/Widoco/Widoco/target/config/config.properties (No such file or directory)
2026-10-01T10:40:26.0288449Z [main] INFO widoco.WidocoUtils - Load ontology test/OSO_1_1_0.owl
2026-10-01T10:40:26.0289878Z [main] INFO widoco.CatalogIRIMapper - Creating JenaCatalogIRIMapper
2026-10-01T10:40:26.0291608Z [main] INFO widoco.CatalogIRIMapper - Loading 3 inputstream:ontology43212001057
2026-10-01T10:40:26.0293314Z [main] INFO widoco.CatalogIRIMapper - Loaded ont-policy ontology
2026-10-01T10:40:26.0294810Z [main] INFO widoco.CatalogIRIMapper - http://www.w3.org/2000/01/rdf-schema -> file:///test/lib/ontologies/w3c/rdf-schema.rdf
2026-10-01T10:40:26.0298906Z [main] INFO widoco.CatalogIRIMapper - http://www.w3.org/2002/07/owl -> file:///test/lib/ontologies/w3c/owl.owl
2026-10-01T10:40:26.1275180Z [main] INFO org.semanticweb.owlapi.rdf.rdfxml.parser.AbstractState - Notice: root element does not have an xml:base. Relative IRIs will be resolved against file:/home/runner/work/Widoco/Widoco/test/OSO_1_1_0.owl
2026-10-01T10:40:26.5292457Z [main] INFO org.semanticweb.owlapi.io.DocumentSources - URL connection input stream is compressed using gzip
2026-10-01T10:40:26.6295902Z [main] INFO org.semanticweb.owlapi.rdf.rdfxml.parser.TripleHandlers - Usage of rdf vocabulary: http://www.w3.org/2004/02/skos/core#inScheme -> http://www.w3.org/1999/02/22-rdf-syntax-ns#type -> http://www.w3.org/1999/02/22-rdf-syntax-ns#Property
2026-10-01T10:40:26.6321163Z [main] INFO org.semanticweb.owlapi.rdf.rdfxml.parser.TripleHandlers - Usage of rdf vocabulary: http://www.w3.org/2004/02/skos/core#hasTopConcept -> http://www.w3.org/1999/02/22-rdf-syntax-ns#type -> http://www.w3.org/1999/02/22-rdf-syntax-ns#Property
2026-10-01T10:40:26.6325808Z [main] INFO org.semanticweb.owlapi.rdf.rdfxml.parser.TripleHandlers - Usage of rdf vocabulary: http://www.w3.org/2004/02/skos/core#topConceptOf -> http://www.w3.org/1999/02/22-rdf-syntax-ns#type -> http://www.w3.org/1999/02/22-rdf-syntax-ns#Property
2026-10-01T10:40:26.6329764Z [main] INFO org.semanticweb.owlapi.rdf.rdfxml.parser.TripleHandlers - Usage of rdf vocabulary: http://www.w3.org/2004/02/skos/core#prefLabel -> http://www.w3.org/1999/02/22-rdf-syntax-ns#type -> http://www.w3.org/1999/02/22-rdf-syntax-ns#Property
2026-10-01T10:40:26.6333051Z [main] INFO org.semanticweb.owlapi.rdf.rdfxml.parser.TripleHandlers - Usage of rdf vocabulary: http://www.w3.org/2004/02/skos/core#altLabel -> http://www.w3.org/1999/02/22-rdf-syntax-ns#type -> http://www.w3.org/1999/02/22-rdf-syntax-ns#Property
2026-10-01T10:40:26.6335010Z [main] INFO org.semanticweb.owlapi.rdf.rdfxml.parser.TripleHandlers - Usage of rdf vocabulary: http://www.w3.org/2004/02/skos/core#hiddenLabel -> http://www.w3.org/1999/02/22-rdf-syntax-ns#type -> http://www.w3.org/1999/02/22-rdf-syntax-ns#Property
2026-10-01T10:40:26.6336669Z [main] INFO org.semanticweb.owlapi.rdf.rdfxml.parser.TripleHandlers - Usage of rdf vocabulary: http://www.w3.org/2004/02/skos/core#notation -> http://www.w3.org/1999/02/22-rdf-syntax-ns#type -> http://www.w3.org/1999/02/22-rdf-syntax-ns#Property
2026-10-01T10:40:26.6338321Z [main] INFO org.semanticweb.owlapi.rdf.rdfxml.parser.TripleHandlers - Usage of rdf vocabulary: http://www.w3.org/2004/02/skos/core#note -> http://www.w3.org/1999/02/22-rdf-syntax-ns#type -> http://www.w3.org/1999/02/22-rdf-syntax-ns#Property
2026-10-01T10:40:26.6340318Z [main] INFO org.semanticweb.owlapi.rdf.rdfxml.parser.TripleHandlers - Usage of rdf vocabulary: http://www.w3.org/2004/02/skos/core#changeNote -> http://www.w3.org/1999/02/22-rdf-syntax-ns#type -> http://www.w3.org/1999/02/22-rdf-syntax-ns#Property
2026-10-01T10:40:26.6362283Z [main] INFO org.semanticweb.owlapi.rdf.rdfxml.parser.TripleHandlers - Usage of rdf vocabulary: http://www.w3.org/2004/02/skos/core#definition -> http://www.w3.org/1999/02/22-rdf-syntax-ns#type -> http://www.w3.org/1999/02/22-rdf-syntax-ns#Property
2026-10-01T10:40:26.6364457Z [main] INFO org.semanticweb.owlapi.rdf.rdfxml.parser.TripleHandlers - Usage of rdf vocabulary: http://www.w3.org/2004/02/skos/core#editorialNote -> http://www.w3.org/1999/02/22-rdf-syntax-ns#type -> http://www.w3.org/1999/02/22-rdf-syntax-ns#Property
2026-10-01T10:40:26.6366198Z [main] INFO org.semanticweb.owlapi.rdf.rdfxml.parser.TripleHandlers - Usage of rdf vocabulary: http://www.w3.org/2004/02/skos/core#example -> http://www.w3.org/1999/02/22-rdf-syntax-ns#type -> http://www.w3.org/1999/02/22-rdf-syntax-ns#Property
2026-10-01T10:40:26.6367899Z [main] INFO org.semanticweb.owlapi.rdf.rdfxml.parser.TripleHandlers - Usage of rdf vocabulary: http://www.w3.org/2004/02/skos/core#historyNote -> http://www.w3.org/1999/02/22-rdf-syntax-ns#type -> http://www.w3.org/1999/02/22-rdf-syntax-ns#Property
2026-10-01T10:40:26.6369999Z [main] INFO org.semanticweb.owlapi.rdf.rdfxml.parser.TripleHandlers - Usage of rdf vocabulary: http://www.w3.org/2004/02/skos/core#scopeNote -> http://www.w3.org/1999/02/22-rdf-syntax-ns#type -> http://www.w3.org/1999/02/22-rdf-syntax-ns#Property
2026-10-01T10:40:26.6371723Z [main] INFO org.semanticweb.owlapi.rdf.rdfxml.parser.TripleHandlers - Usage of rdf vocabulary: http://www.w3.org/2004/02/skos/core#semanticRelation -> http://www.w3.org/1999/02/22-rdf-syntax-ns#type -> http://www.w3.org/1999/02/22-rdf-syntax-ns#Property
2026-10-01T10:40:26.6373396Z [main] INFO org.semanticweb.owlapi.rdf.rdfxml.parser.TripleHandlers - Usage of rdf vocabulary: http://www.w3.org/2004/02/skos/core#broader -> http://www.w3.org/1999/02/22-rdf-syntax-ns#type -> http://www.w3.org/1999/02/22-rdf-syntax-ns#Property
2026-10-01T10:40:26.6375206Z [main] INFO org.semanticweb.owlapi.rdf.rdfxml.parser.TripleHandlers - Usage of rdf vocabulary: http://www.w3.org/2004/02/skos/core#narrower -> http://www.w3.org/1999/02/22-rdf-syntax-ns#type -> http://www.w3.org/1999/02/22-rdf-syntax-ns#Property
2026-10-01T10:40:26.6376837Z [main] INFO org.semanticweb.owlapi.rdf.rdfxml.parser.TripleHandlers - Usage of rdf vocabulary: http://www.w3.org/2004/02/skos/core#related -> http://www.w3.org/1999/02/22-rdf-syntax-ns#type -> http://www.w3.org/1999/02/22-rdf-syntax-ns#Property
2026-10-01T10:40:26.6378768Z [main] INFO org.semanticweb.owlapi.rdf.rdfxml.parser.TripleHandlers - Usage of rdf vocabulary: http://www.w3.org/2004/02/skos/core#broaderTransitive -> http://www.w3.org/1999/02/22-rdf-syntax-ns#type -> http://www.w3.org/1999/02/22-rdf-syntax-ns#Property
2026-10-01T10:40:26.6380624Z [main] INFO org.semanticweb.owlapi.rdf.rdfxml.parser.TripleHandlers - Usage of rdf vocabulary: http://www.w3.org/2004/02/skos/core#narrowerTransitive -> http://www.w3.org/1999/02/22-rdf-syntax-ns#type -> http://www.w3.org/1999/02/22-rdf-syntax-ns#Property
2026-10-01T10:40:26.6382304Z [main] INFO org.semanticweb.owlapi.rdf.rdfxml.parser.TripleHandlers - Usage of rdf vocabulary: http://www.w3.org/2004/02/skos/core#member -> http://www.w3.org/1999/02/22-rdf-syntax-ns#type -> http://www.w3.org/1999/02/22-rdf-syntax-ns#Property
2026-10-01T10:40:26.6383949Z [main] INFO org.semanticweb.owlapi.rdf.rdfxml.parser.TripleHandlers - Usage of rdf vocabulary: http://www.w3.org/2004/02/skos/core#memberList -> http://www.w3.org/1999/02/22-rdf-syntax-ns#type -> http://www.w3.org/1999/02/22-rdf-syntax-ns#Property
2026-10-01T10:40:26.6385615Z [main] INFO org.semanticweb.owlapi.rdf.rdfxml.parser.TripleHandlers - Usage of rdf vocabulary: http://www.w3.org/2004/02/skos/core#mappingRelation -> http://www.w3.org/1999/02/22-rdf-syntax-ns#type -> http://www.w3.org/1999/02/22-rdf-syntax-ns#Property
2026-10-01T10:40:26.6387268Z [main] INFO org.semanticweb.owlapi.rdf.rdfxml.parser.TripleHandlers - Usage of rdf vocabulary: http://www.w3.org/2004/02/skos/core#broadMatch -> http://www.w3.org/1999/02/22-rdf-syntax-ns#type -> http://www.w3.org/1999/02/22-rdf-syntax-ns#Property
2026-10-01T10:40:26.6389338Z [main] INFO org.semanticweb.owlapi.rdf.rdfxml.parser.TripleHandlers - Usage of rdf vocabulary: http://www.w3.org/2004/02/skos/core#narrowMatch -> http://www.w3.org/1999/02/22-rdf-syntax-ns#type -> http://www.w3.org/1999/02/22-rdf-syntax-ns#Property
2026-10-01T10:40:26.6391014Z [main] INFO org.semanticweb.owlapi.rdf.rdfxml.parser.TripleHandlers - Usage of rdf vocabulary: http://www.w3.org/2004/02/skos/core#relatedMatch -> http://www.w3.org/1999/02/22-rdf-syntax-ns#type -> http://www.w3.org/1999/02/22-rdf-syntax-ns#Property
2026-10-01T10:40:26.6392662Z [main] INFO org.semanticweb.owlapi.rdf.rdfxml.parser.TripleHandlers - Usage of rdf vocabulary: http://www.w3.org/2004/02/skos/core#exactMatch -> http://www.w3.org/1999/02/22-rdf-syntax-ns#type -> http://www.w3.org/1999/02/22-rdf-syntax-ns#Property
2026-10-01T10:40:26.6394308Z [main] INFO org.semanticweb.owlapi.rdf.rdfxml.parser.TripleHandlers - Usage of rdf vocabulary: http://www.w3.org/2004/02/skos/core#closeMatch -> http://www.w3.org/1999/02/22-rdf-syntax-ns#type -> http://www.w3.org/1999/02/22-rdf-syntax-ns#Property
2026-10-01T10:40:26.9299317Z [main] INFO org.semanticweb.owlapi.rdf.rdfxml.parser.AbstractState - Notice: root element does not have an xml:base. Relative IRIs will be resolved against http://xmlns.com/foaf/0.1/
2026-10-01T10:40:26.9345548Z [main] INFO org.semanticweb.owlapi.rdf.rdfxml.parser.TripleHandlers - Usage of rdf vocabulary: http://xmlns.com/foaf/0.1/mbox -> http://www.w3.org/1999/02/22-rdf-syntax-ns#type -> http://www.w3.org/1999/02/22-rdf-syntax-ns#Property
2026-10-01T10:40:26.9360624Z [main] INFO org.semanticweb.owlapi.rdf.rdfxml.parser.TripleHandlers - Usage of rdf vocabulary: http://xmlns.com/foaf/0.1/mbox_sha1sum -> http://www.w3.org/1999/02/22-rdf-syntax-ns#type -> http://www.w3.org/1999/02/22-rdf-syntax-ns#Property
2026-10-01T10:40:26.9364568Z [main] INFO org.semanticweb.owlapi.rdf.rdfxml.parser.TripleHandlers - Usage of rdf vocabulary: http://xmlns.com/foaf/0.1/gender -> http://www.w3.org/1999/02/22-rdf-syntax-ns#type -> http://www.w3.org/1999/02/22-rdf-syntax-ns#Property
2026-10-01T10:40:26.9367966Z [main] INFO org.semanticweb.owlapi.rdf.rdfxml.parser.TripleHandlers - Usage of rdf vocabulary: http://xmlns.com/foaf/0.1/geekcode -> http://www.w3.org/1999/02/22-rdf-syntax-ns#type -> http://www.w3.org/1999/02/22-rdf-syntax-ns#Property
2026-10-01T10:40:26.9371531Z [main] INFO org.semanticweb.owlapi.rdf.rdfxml.parser.TripleHandlers - Usage of rdf vocabulary: http://xmlns.com/foaf/0.1/dnaChecksum -> http://www.w3.org/1999/02/22-rdf-syntax-ns#type -> http://www.w3.org/1999/02/22-rdf-syntax-ns#Property
2026-10-01T10:40:26.9378244Z [main] INFO org.semanticweb.owlapi.rdf.rdfxml.parser.TripleHandlers - Usage of rdf vocabulary: http://xmlns.com/foaf/0.1/sha1 -> http://www.w3.org/1999/02/22-rdf-syntax-ns#type -> http://www.w3.org/1999/02/22-rdf-syntax-ns#Property
2026-10-01T10:40:26.9381863Z [main] INFO org.semanticweb.owlapi.rdf.rdfxml.parser.TripleHandlers - Usage of rdf vocabulary: http://xmlns.com/foaf/0.1/based_near -> http://www.w3.org/1999/02/22-rdf-syntax-ns#type -> http://www.w3.org/1999/02/22-rdf-syntax-ns#Property
2026-10-01T10:40:26.9429953Z [main] INFO org.semanticweb.owlapi.rdf.rdfxml.parser.TripleHandlers - Usage of rdf vocabulary: http://xmlns.com/foaf/0.1/title -> http://www.w3.org/1999/02/22-rdf-syntax-ns#type -> http://www.w3.org/1999/02/22-rdf-syntax-ns#Property
2026-10-01T10:40:26.9432051Z [main] INFO org.semanticweb.owlapi.rdf.rdfxml.parser.TripleHandlers - Usage of rdf vocabulary: http://xmlns.com/foaf/0.1/nick -> http://www.w3.org/1999/02/22-rdf-syntax-ns#type -> http://www.w3.org/1999/02/22-rdf-syntax-ns#Property
2026-10-01T10:40:26.9434107Z [main] INFO org.semanticweb.owlapi.rdf.rdfxml.parser.TripleHandlers - Usage of rdf vocabulary: http://xmlns.com/foaf/0.1/jabberID -> http://www.w3.org/1999/02/22-rdf-syntax-ns#type -> http://www.w3.org/1999/02/22-rdf-syntax-ns#Property
2026-10-01T10:40:26.9436467Z [main] INFO org.semanticweb.owlapi.rdf.rdfxml.parser.TripleHandlers - Usage of rdf vocabulary: http://xmlns.com/foaf/0.1/aimChatID -> http://www.w3.org/1999/02/22-rdf-syntax-ns#type -> http://www.w3.org/1999/02/22-rdf-syntax-ns#Property
2026-10-01T10:40:26.9438445Z [main] INFO org.semanticweb.owlapi.rdf.rdfxml.parser.TripleHandlers - Usage of rdf vocabulary: http://xmlns.com/foaf/0.1/skypeID -> http://www.w3.org/1999/02/22-rdf-syntax-ns#type -> http://www.w3.org/1999/02/22-rdf-syntax-ns#Property
2026-10-01T10:40:26.9440671Z [main] INFO org.semanticweb.owlapi.rdf.rdfxml.parser.TripleHandlers - Usage of rdf vocabulary: http://xmlns.com/foaf/0.1/icqChatID -> http://www.w3.org/1999/02/22-rdf-syntax-ns#type -> http://www.w3.org/1999/02/22-rdf-syntax-ns#Property
2026-10-01T10:40:26.9442711Z [main] INFO org.semanticweb.owlapi.rdf.rdfxml.parser.TripleHandlers - Usage of rdf vocabulary: http://xmlns.com/foaf/0.1/yahooChatID -> http://www.w3.org/1999/02/22-rdf-syntax-ns#type -> http://www.w3.org/1999/02/22-rdf-syntax-ns#Property
2026-10-01T10:40:26.9444712Z [main] INFO org.semanticweb.owlapi.rdf.rdfxml.parser.TripleHandlers - Usage of rdf vocabulary: http://xmlns.com/foaf/0.1/msnChatID -> http://www.w3.org/1999/02/22-rdf-syntax-ns#type -> http://www.w3.org/1999/02/22-rdf-syntax-ns#Property
2026-10-01T10:40:26.9446762Z [main] INFO org.semanticweb.owlapi.rdf.rdfxml.parser.TripleHandlers - Usage of rdf vocabulary: http://xmlns.com/foaf/0.1/name -> http://www.w3.org/1999/02/22-rdf-syntax-ns#type -> http://www.w3.org/1999/02/22-rdf-syntax-ns#Property
2026-10-01T10:40:26.9448938Z [main] INFO org.semanticweb.owlapi.rdf.rdfxml.parser.TripleHandlers - Usage of rdf vocabulary: http://xmlns.com/foaf/0.1/firstName -> http://www.w3.org/1999/02/22-rdf-syntax-ns#type -> http://www.w3.org/1999/02/22-rdf-syntax-ns#Property
2026-10-01T10:40:26.9450935Z [main] INFO org.semanticweb.owlapi.rdf.rdfxml.parser.TripleHandlers - Usage of rdf vocabulary: http://xmlns.com/foaf/0.1/lastName -> http://www.w3.org/1999/02/22-rdf-syntax-ns#type -> http://www.w3.org/1999/02/22-rdf-syntax-ns#Property
2026-10-01T10:40:26.9453139Z [main] INFO org.semanticweb.owlapi.rdf.rdfxml.parser.TripleHandlers - Usage of rdf vocabulary: http://xmlns.com/foaf/0.1/givenName -> http://www.w3.org/1999/02/22-rdf-syntax-ns#type -> http://www.w3.org/1999/02/22-rdf-syntax-ns#Property
2026-10-01T10:40:26.9456080Z [main] INFO org.semanticweb.owlapi.rdf.rdfxml.parser.TripleHandlers - Usage of rdf vocabulary: http://xmlns.com/foaf/0.1/givenname -> http://www.w3.org/1999/02/22-rdf-syntax-ns#type -> http://www.w3.org/1999/02/22-rdf-syntax-ns#Property
2026-10-01T10:40:26.9480540Z [main] INFO org.semanticweb.owlapi.rdf.rdfxml.parser.TripleHandlers - Usage of rdf vocabulary: http://xmlns.com/foaf/0.1/surname -> http://www.w3.org/1999/02/22-rdf-syntax-ns#type -> http://www.w3.org/1999/02/22-rdf-syntax-ns#Property
2026-10-01T10:40:26.9510545Z [main] INFO org.semanticweb.owlapi.rdf.rdfxml.parser.TripleHandlers - Usage of rdf vocabulary: http://xmlns.com/foaf/0.1/family_name -> http://www.w3.org/1999/02/22-rdf-syntax-ns#type -> http://www.w3.org/1999/02/22-rdf-syntax-ns#Property
2026-10-01T10:40:26.9555289Z [main] INFO org.semanticweb.owlapi.rdf.rdfxml.parser.TripleHandlers - Usage of rdf vocabulary: http://xmlns.com/foaf/0.1/familyName -> http://www.w3.org/1999/02/22-rdf-syntax-ns#type -> http://www.w3.org/1999/02/22-rdf-syntax-ns#Property
2026-10-01T10:40:26.9560824Z [main] INFO org.semanticweb.owlapi.rdf.rdfxml.parser.TripleHandlers - Usage of rdf vocabulary: http://xmlns.com/foaf/0.1/phone -> http://www.w3.org/1999/02/22-rdf-syntax-ns#type -> http://www.w3.org/1999/02/22-rdf-syntax-ns#Property
2026-10-01T10:40:26.9564124Z [main] INFO org.semanticweb.owlapi.rdf.rdfxml.parser.TripleHandlers - Usage of rdf vocabulary: http://xmlns.com/foaf/0.1/homepage -> http://www.w3.org/1999/02/22-rdf-syntax-ns#type -> http://www.w3.org/1999/02/22-rdf-syntax-ns#Property
2026-10-01T10:40:26.9590426Z [main] INFO org.semanticweb.owlapi.rdf.rdfxml.parser.TripleHandlers - Usage of rdf vocabulary: http://xmlns.com/foaf/0.1/weblog -> http://www.w3.org/1999/02/22-rdf-syntax-ns#type -> http://www.w3.org/1999/02/22-rdf-syntax-ns#Property
2026-10-01T10:40:26.9621296Z [main] INFO org.semanticweb.owlapi.rdf.rdfxml.parser.TripleHandlers - Usage of rdf vocabulary: http://xmlns.com/foaf/0.1/openid -> http://www.w3.org/1999/02/22-rdf-syntax-ns#type -> http://www.w3.org/1999/02/22-rdf-syntax-ns#Property
2026-10-01T10:40:26.9637382Z [main] INFO org.semanticweb.owlapi.rdf.rdfxml.parser.TripleHandlers - Usage of rdf vocabulary: http://xmlns.com/foaf/0.1/tipjar -> http://www.w3.org/1999/02/22-rdf-syntax-ns#type -> http://www.w3.org/1999/02/22-rdf-syntax-ns#Property
2026-10-01T10:40:26.9660465Z [main] INFO org.semanticweb.owlapi.rdf.rdfxml.parser.TripleHandlers - Usage of rdf vocabulary: http://xmlns.com/foaf/0.1/plan -> http://www.w3.org/1999/02/22-rdf-syntax-ns#type -> http://www.w3.org/1999/02/22-rdf-syntax-ns#Property
2026-10-01T10:40:26.9663581Z [main] INFO org.semanticweb.owlapi.rdf.rdfxml.parser.TripleHandlers - Usage of rdf vocabulary: http://xmlns.com/foaf/0.1/made -> http://www.w3.org/1999/02/22-rdf-syntax-ns#type -> http://www.w3.org/1999/02/22-rdf-syntax-ns#Property
2026-10-01T10:40:26.9678010Z [main] INFO org.semanticweb.owlapi.rdf.rdfxml.parser.TripleHandlers - Usage of rdf vocabulary: http://xmlns.com/foaf/0.1/maker -> http://www.w3.org/1999/02/22-rdf-syntax-ns#type -> http://www.w3.org/1999/02/22-rdf-syntax-ns#Property
2026-10-01T10:40:26.9693666Z [main] INFO org.semanticweb.owlapi.rdf.rdfxml.parser.TripleHandlers - Usage of rdf vocabulary: http://xmlns.com/foaf/0.1/img -> http://www.w3.org/1999/02/22-rdf-syntax-ns#type -> http://www.w3.org/1999/02/22-rdf-syntax-ns#Property
2026-10-01T10:40:26.9696853Z [main] INFO org.semanticweb.owlapi.rdf.rdfxml.parser.TripleHandlers - Usage of rdf vocabulary: http://xmlns.com/foaf/0.1/depiction -> http://www.w3.org/1999/02/22-rdf-syntax-ns#type -> http://www.w3.org/1999/02/22-rdf-syntax-ns#Property
2026-10-01T10:40:26.9701181Z [main] INFO org.semanticweb.owlapi.rdf.rdfxml.parser.TripleHandlers - Usage of rdf vocabulary: http://xmlns.com/foaf/0.1/depicts -> http://www.w3.org/1999/02/22-rdf-syntax-ns#type -> http://www.w3.org/1999/02/22-rdf-syntax-ns#Property
2026-10-01T10:40:26.9704378Z [main] INFO org.semanticweb.owlapi.rdf.rdfxml.parser.TripleHandlers - Usage of rdf vocabulary: http://xmlns.com/foaf/0.1/thumbnail -> http://www.w3.org/1999/02/22-rdf-syntax-ns#type -> http://www.w3.org/1999/02/22-rdf-syntax-ns#Property
2026-10-01T10:40:26.9707587Z [main] INFO org.semanticweb.owlapi.rdf.rdfxml.parser.TripleHandlers - Usage of rdf vocabulary: http://xmlns.com/foaf/0.1/myersBriggs -> http://www.w3.org/1999/02/22-rdf-syntax-ns#type -> http://www.w3.org/1999/02/22-rdf-syntax-ns#Property
2026-10-01T10:40:26.9721224Z [main] INFO org.semanticweb.owlapi.rdf.rdfxml.parser.TripleHandlers - Usage of rdf vocabulary: http://xmlns.com/foaf/0.1/workplaceHomepage -> http://www.w3.org/1999/02/22-rdf-syntax-ns#type -> http://www.w3.org/1999/02/22-rdf-syntax-ns#Property
2026-10-01T10:40:26.9724633Z [main] INFO org.semanticweb.owlapi.rdf.rdfxml.parser.TripleHandlers - Usage of rdf vocabulary: http://xmlns.com/foaf/0.1/workInfoHomepage -> http://www.w3.org/1999/02/22-rdf-syntax-ns#type -> http://www.w3.org/1999/02/22-rdf-syntax-ns#Property
2026-10-01T10:40:26.9727914Z [main] INFO org.semanticweb.owlapi.rdf.rdfxml.parser.TripleHandlers - Usage of rdf vocabulary: http://xmlns.com/foaf/0.1/schoolHomepage -> http://www.w3.org/1999/02/22-rdf-syntax-ns#type -> http://www.w3.org/1999/02/22-rdf-syntax-ns#Property
2026-10-01T10:40:26.9731314Z [main] INFO org.semanticweb.owlapi.rdf.rdfxml.parser.TripleHandlers - Usage of rdf vocabulary: http://xmlns.com/foaf/0.1/knows -> http://www.w3.org/1999/02/22-rdf-syntax-ns#type -> http://www.w3.org/1999/02/22-rdf-syntax-ns#Property
2026-10-01T10:40:26.9734428Z [main] INFO org.semanticweb.owlapi.rdf.rdfxml.parser.TripleHandlers - Usage of rdf vocabulary: http://xmlns.com/foaf/0.1/interest -> http://www.w3.org/1999/02/22-rdf-syntax-ns#type -> http://www.w3.org/1999/02/22-rdf-syntax-ns#Property
2026-10-01T10:40:26.9737966Z [main] INFO org.semanticweb.owlapi.rdf.rdfxml.parser.TripleHandlers - Usage of rdf vocabulary: http://xmlns.com/foaf/0.1/topic_interest -> http://www.w3.org/1999/02/22-rdf-syntax-ns#type -> http://www.w3.org/1999/02/22-rdf-syntax-ns#Property
2026-10-01T10:40:26.9741458Z [main] INFO org.semanticweb.owlapi.rdf.rdfxml.parser.TripleHandlers - Usage of rdf vocabulary: http://xmlns.com/foaf/0.1/publications -> http://www.w3.org/1999/02/22-rdf-syntax-ns#type -> http://www.w3.org/1999/02/22-rdf-syntax-ns#Property
2026-10-01T10:40:26.9744740Z [main] INFO org.semanticweb.owlapi.rdf.rdfxml.parser.TripleHandlers - Usage of rdf vocabulary: http://xmlns.com/foaf/0.1/currentProject -> http://www.w3.org/1999/02/22-rdf-syntax-ns#type -> http://www.w3.org/1999/02/22-rdf-syntax-ns#Property
2026-10-01T10:40:26.9747984Z [main] INFO org.semanticweb.owlapi.rdf.rdfxml.parser.TripleHandlers - Usage of rdf vocabulary: http://xmlns.com/foaf/0.1/pastProject -> http://www.w3.org/1999/02/22-rdf-syntax-ns#type -> http://www.w3.org/1999/02/22-rdf-syntax-ns#Property
2026-10-01T10:40:26.9781768Z [main] INFO org.semanticweb.owlapi.rdf.rdfxml.parser.TripleHandlers - Usage of rdf vocabulary: http://xmlns.com/foaf/0.1/fundedBy -> http://www.w3.org/1999/02/22-rdf-syntax-ns#type -> http://www.w3.org/1999/02/22-rdf-syntax-ns#Property
2026-10-01T10:40:26.9784944Z [main] INFO org.semanticweb.owlapi.rdf.rdfxml.parser.TripleHandlers - Usage of rdf vocabulary: http://xmlns.com/foaf/0.1/logo -> http://www.w3.org/1999/02/22-rdf-syntax-ns#type -> http://www.w3.org/1999/02/22-rdf-syntax-ns#Property
2026-10-01T10:40:26.9788090Z [main] INFO org.semanticweb.owlapi.rdf.rdfxml.parser.TripleHandlers - Usage of rdf vocabulary: http://xmlns.com/foaf/0.1/topic -> http://www.w3.org/1999/02/22-rdf-syntax-ns#type -> http://www.w3.org/1999/02/22-rdf-syntax-ns#Property
2026-10-01T10:40:26.9791562Z [main] INFO org.semanticweb.owlapi.rdf.rdfxml.parser.TripleHandlers - Usage of rdf vocabulary: http://xmlns.com/foaf/0.1/primaryTopic -> http://www.w3.org/1999/02/22-rdf-syntax-ns#type -> http://www.w3.org/1999/02/22-rdf-syntax-ns#Property
2026-10-01T10:40:26.9795012Z [main] INFO org.semanticweb.owlapi.rdf.rdfxml.parser.TripleHandlers - Usage of rdf vocabulary: http://xmlns.com/foaf/0.1/focus -> http://www.w3.org/1999/02/22-rdf-syntax-ns#type -> http://www.w3.org/1999/02/22-rdf-syntax-ns#Property
2026-10-01T10:40:26.9798265Z [main] INFO org.semanticweb.owlapi.rdf.rdfxml.parser.TripleHandlers - Usage of rdf vocabulary: http://xmlns.com/foaf/0.1/isPrimaryTopicOf -> http://www.w3.org/1999/02/22-rdf-syntax-ns#type -> http://www.w3.org/1999/02/22-rdf-syntax-ns#Property
2026-10-01T10:40:26.9801749Z [main] INFO org.semanticweb.owlapi.rdf.rdfxml.parser.TripleHandlers - Usage of rdf vocabulary: http://xmlns.com/foaf/0.1/page -> http://www.w3.org/1999/02/22-rdf-syntax-ns#type -> http://www.w3.org/1999/02/22-rdf-syntax-ns#Property
2026-10-01T10:40:26.9804889Z [main] INFO org.semanticweb.owlapi.rdf.rdfxml.parser.TripleHandlers - Usage of rdf vocabulary: http://xmlns.com/foaf/0.1/theme -> http://www.w3.org/1999/02/22-rdf-syntax-ns#type -> http://www.w3.org/1999/02/22-rdf-syntax-ns#Property
2026-10-01T10:40:26.9808024Z [main] INFO org.semanticweb.owlapi.rdf.rdfxml.parser.TripleHandlers - Usage of rdf vocabulary: http://xmlns.com/foaf/0.1/account -> http://www.w3.org/1999/02/22-rdf-syntax-ns#type -> http://www.w3.org/1999/02/22-rdf-syntax-ns#Property
2026-10-01T10:40:26.9841598Z [main] INFO org.semanticweb.owlapi.rdf.rdfxml.parser.TripleHandlers - Usage of rdf vocabulary: http://xmlns.com/foaf/0.1/holdsAccount -> http://www.w3.org/1999/02/22-rdf-syntax-ns#type -> http://www.w3.org/1999/02/22-rdf-syntax-ns#Property
2026-10-01T10:40:26.9844854Z [main] INFO org.semanticweb.owlapi.rdf.rdfxml.parser.TripleHandlers - Usage of rdf vocabulary: http://xmlns.com/foaf/0.1/accountServiceHomepage -> http://www.w3.org/1999/02/22-rdf-syntax-ns#type -> http://www.w3.org/1999/02/22-rdf-syntax-ns#Property
2026-10-01T10:40:26.9848056Z [main] INFO org.semanticweb.owlapi.rdf.rdfxml.parser.TripleHandlers - Usage of rdf vocabulary: http://xmlns.com/foaf/0.1/accountName -> http://www.w3.org/1999/02/22-rdf-syntax-ns#type -> http://www.w3.org/1999/02/22-rdf-syntax-ns#Property
2026-10-01T10:40:26.9851646Z [main] INFO org.semanticweb.owlapi.rdf.rdfxml.parser.TripleHandlers - Usage of rdf vocabulary: http://xmlns.com/foaf/0.1/member -> http://www.w3.org/1999/02/22-rdf-syntax-ns#type -> http://www.w3.org/1999/02/22-rdf-syntax-ns#Property
2026-10-01T10:40:26.9854793Z [main] INFO org.semanticweb.owlapi.rdf.rdfxml.parser.TripleHandlers - Usage of rdf vocabulary: http://xmlns.com/foaf/0.1/membershipClass -> http://www.w3.org/1999/02/22-rdf-syntax-ns#type -> http://www.w3.org/1999/02/22-rdf-syntax-ns#Property
2026-10-01T10:40:26.9857928Z [main] INFO org.semanticweb.owlapi.rdf.rdfxml.parser.TripleHandlers - Usage of rdf vocabulary: http://xmlns.com/foaf/0.1/birthday -> http://www.w3.org/1999/02/22-rdf-syntax-ns#type -> http://www.w3.org/1999/02/22-rdf-syntax-ns#Property
2026-10-01T10:40:26.9861232Z [main] INFO org.semanticweb.owlapi.rdf.rdfxml.parser.TripleHandlers - Usage of rdf vocabulary: http://xmlns.com/foaf/0.1/age -> http://www.w3.org/1999/02/22-rdf-syntax-ns#type -> http://www.w3.org/1999/02/22-rdf-syntax-ns#Property
2026-10-01T10:40:26.9864151Z [main] INFO org.semanticweb.owlapi.rdf.rdfxml.parser.TripleHandlers - Usage of rdf vocabulary: http://xmlns.com/foaf/0.1/status -> http://www.w3.org/1999/02/22-rdf-syntax-ns#type -> http://www.w3.org/1999/02/22-rdf-syntax-ns#Property
2026-10-01T10:40:26.9867081Z [main] INFO org.semanticweb.owlapi.rdf.rdfxml.parser.OWLRDFConsumer - Unparsed triple: http://www.w3.org/2002/07/owl#equivalentProperty -> http://xmlns.com/foaf/0.1/maker -> http://purl.org/dc/terms/creator
2026-10-01T10:40:26.9901026Z [main] WARN uk.ac.manchester.cs.owl.owlapi.OWLOntologyManagerImpl - Illegal redeclarations of entities: reuse of entity http://xmlns.com/foaf/0.1/aimChatID in punning not allowed [Declaration(ObjectProperty(<http://xmlns.com/foaf/0.1/aimChatID>)), Declaration(DataProperty(<http://xmlns.com/foaf/0.1/aimChatID>))]
2026-10-01T10:40:26.9905573Z [main] WARN uk.ac.manchester.cs.owl.owlapi.OWLOntologyManagerImpl - Illegal redeclarations of entities: reuse of entity http://xmlns.com/foaf/0.1/icqChatID in punning not allowed [Declaration(ObjectProperty(<http://xmlns.com/foaf/0.1/icqChatID>)), Declaration(DataProperty(<http://xmlns.com/foaf/0.1/icqChatID>))]
2026-10-01T10:40:26.9910181Z [main] WARN uk.ac.manchester.cs.owl.owlapi.OWLOntologyManagerImpl - Illegal redeclarations of entities: reuse of entity http://xmlns.com/foaf/0.1/mbox_sha1sum in punning not allowed [Declaration(DataProperty(<http://xmlns.com/foaf/0.1/mbox_sha1sum>)), Declaration(ObjectProperty(<http://xmlns.com/foaf/0.1/mbox_sha1sum>))]
2026-10-01T10:40:26.9914406Z [main] WARN uk.ac.manchester.cs.owl.owlapi.OWLOntologyManagerImpl - Illegal redeclarations of entities: reuse of entity http://xmlns.com/foaf/0.1/jabberID in punning not allowed [Declaration(DataProperty(<http://xmlns.com/foaf/0.1/jabberID>)), Declaration(ObjectProperty(<http://xmlns.com/foaf/0.1/jabberID>))]
2026-10-01T10:40:26.9918830Z [main] WARN uk.ac.manchester.cs.owl.owlapi.OWLOntologyManagerImpl - Illegal redeclarations of entities: reuse of entity http://xmlns.com/foaf/0.1/msnChatID in punning not allowed [Declaration(DataProperty(<http://xmlns.com/foaf/0.1/msnChatID>)), Declaration(ObjectProperty(<http://xmlns.com/foaf/0.1/msnChatID>))]
2026-10-01T10:40:26.9923129Z [main] WARN uk.ac.manchester.cs.owl.owlapi.OWLOntologyManagerImpl - Illegal redeclarations of entities: reuse of entity http://xmlns.com/foaf/0.1/yahooChatID in punning not allowed [Declaration(ObjectProperty(<http://xmlns.com/foaf/0.1/yahooChatID>)), Declaration(DataProperty(<http://xmlns.com/foaf/0.1/yahooChatID>))]
2026-10-01T10:40:26.9927261Z [main] WARN org.semanticweb.owlapi.util.OWLAnnotationPropertyTransformer - Annotation property range axiom turned to data property range after parsing. This could introduce errors if the original range was an anonymous expression: http://www.w3.org/2000/01/rdf-schema#Literal is the new domain.
2026-10-01T10:40:26.9980407Z [main] INFO org.semanticweb.owlapi.io.DocumentSources - URL connection input stream is compressed using gzip
2026-10-01T10:40:27.0301150Z [main] WARN uk.ac.manchester.cs.owl.owlapi.OWLOntologyManagerImpl - Illegal redeclarations of entities: reuse of entity http://www.w3.org/ns/prov#wasRevisionOf in punning not allowed [Declaration(ObjectProperty(<http://www.w3.org/ns/prov#wasRevisionOf>)), Declaration(AnnotationProperty(<http://www.w3.org/ns/prov#wasRevisionOf>))]
2026-10-01T10:40:27.0304433Z [main] WARN uk.ac.manchester.cs.owl.owlapi.OWLOntologyManagerImpl - Illegal redeclarations of entities: reuse of entity http://www.w3.org/ns/prov#specializationOf in punning not allowed [Declaration(ObjectProperty(<http://www.w3.org/ns/prov#specializationOf>)), Declaration(AnnotationProperty(<http://www.w3.org/ns/prov#specializationOf>))]
2026-10-01T10:40:27.1330252Z [main] INFO org.semanticweb.owlapi.io.DocumentSources - URL connection input stream is compressed using gzip
2026-10-01T10:40:27.1332651Z [main] INFO org.semanticweb.owlapi.rdf.rdfxml.parser.AbstractState - Notice: root element does not have an xml:base. Relative IRIs will be resolved against http://www.w3.org/2003/01/geo/wgs84_pos
2026-10-01T10:40:27.1360697Z [main] INFO org.semanticweb.owlapi.rdf.rdfxml.parser.TripleHandlers - Usage of rdf vocabulary: http://www.w3.org/2003/01/geo/wgs84_pos#lat -> http://www.w3.org/1999/02/22-rdf-syntax-ns#type -> http://www.w3.org/1999/02/22-rdf-syntax-ns#Property
2026-10-01T10:40:27.1403858Z [main] INFO org.semanticweb.owlapi.rdf.rdfxml.parser.TripleHandlers - Usage of rdf vocabulary: http://www.w3.org/2003/01/geo/wgs84_pos#location -> http://www.w3.org/1999/02/22-rdf-syntax-ns#type -> http://www.w3.org/1999/02/22-rdf-syntax-ns#Property
2026-10-01T10:40:27.1408806Z [main] INFO org.semanticweb.owlapi.rdf.rdfxml.parser.TripleHandlers - Usage of rdf vocabulary: http://www.w3.org/2003/01/geo/wgs84_pos#long -> http://www.w3.org/1999/02/22-rdf-syntax-ns#type -> http://www.w3.org/1999/02/22-rdf-syntax-ns#Property
2026-10-01T10:40:27.1413695Z [main] INFO org.semanticweb.owlapi.rdf.rdfxml.parser.TripleHandlers - Usage of rdf vocabulary: http://www.w3.org/2003/01/geo/wgs84_pos#alt -> http://www.w3.org/1999/02/22-rdf-syntax-ns#type -> http://www.w3.org/1999/02/22-rdf-syntax-ns#Property
2026-10-01T10:40:27.1417778Z [main] INFO org.semanticweb.owlapi.rdf.rdfxml.parser.TripleHandlers - Usage of rdf vocabulary: http://www.w3.org/2003/01/geo/wgs84_pos#lat_long -> http://www.w3.org/1999/02/22-rdf-syntax-ns#type -> http://www.w3.org/1999/02/22-rdf-syntax-ns#Property
2026-10-01T10:40:27.5444799Z [main] WARN uk.ac.manchester.cs.owl.owlapi.OWLOntologyManagerImpl - Illegal redeclarations of entities: reuse of entity http://xmlns.com/foaf/0.1/aimChatID in punning not allowed [Declaration(ObjectProperty(<http://xmlns.com/foaf/0.1/aimChatID>)), Declaration(DataProperty(<http://xmlns.com/foaf/0.1/aimChatID>))]
2026-10-01T10:40:27.5467824Z [main] WARN uk.ac.manchester.cs.owl.owlapi.OWLOntologyManagerImpl - Illegal redeclarations of entities: reuse of entity http://xmlns.com/foaf/0.1/icqChatID in punning not allowed [Declaration(ObjectProperty(<http://xmlns.com/foaf/0.1/icqChatID>)), Declaration(DataProperty(<http://xmlns.com/foaf/0.1/icqChatID>))]
2026-10-01T10:40:27.5501292Z [main] WARN uk.ac.manchester.cs.owl.owlapi.OWLOntologyManagerImpl - Illegal redeclarations of entities: reuse of entity http://www.w3.org/ns/prov#wasRevisionOf in punning not allowed [Declaration(ObjectProperty(<http://www.w3.org/ns/prov#wasRevisionOf>)), Declaration(AnnotationProperty(<http://www.w3.org/ns/prov#wasRevisionOf>))]
2026-10-01T10:40:27.5531094Z [main] WARN uk.ac.manchester.cs.owl.owlapi.OWLOntologyManagerImpl - Illegal redeclarations of entities: reuse of entity http://xmlns.com/foaf/0.1/mbox_sha1sum in punning not allowed [Declaration(DataProperty(<http://xmlns.com/foaf/0.1/mbox_sha1sum>)), Declaration(ObjectProperty(<http://xmlns.com/foaf/0.1/mbox_sha1sum>))]
2026-10-01T10:40:27.5552776Z [main] WARN uk.ac.manchester.cs.owl.owlapi.OWLOntologyManagerImpl - Illegal redeclarations of entities: reuse of entity http://www.w3.org/ns/prov#specializationOf in punning not allowed [Declaration(ObjectProperty(<http://www.w3.org/ns/prov#specializationOf>)), Declaration(AnnotationProperty(<http://www.w3.org/ns/prov#specializationOf>))]
2026-10-01T10:40:27.5561172Z [main] WARN uk.ac.manchester.cs.owl.owlapi.OWLOntologyManagerImpl - Illegal redeclarations of entities: reuse of entity http://xmlns.com/foaf/0.1/msnChatID in punning not allowed [Declaration(DataProperty(<http://xmlns.com/foaf/0.1/msnChatID>)), Declaration(ObjectProperty(<http://xmlns.com/foaf/0.1/msnChatID>))]
2026-10-01T10:40:27.5591384Z [main] WARN uk.ac.manchester.cs.owl.owlapi.OWLOntologyManagerImpl - Illegal redeclarations of entities: reuse of entity http://xmlns.com/foaf/0.1/jabberID in punning not allowed [Declaration(DataProperty(<http://xmlns.com/foaf/0.1/jabberID>)), Declaration(ObjectProperty(<http://xmlns.com/foaf/0.1/jabberID>))]
2026-10-01T10:40:27.5624051Z [main] WARN uk.ac.manchester.cs.owl.owlapi.OWLOntologyManagerImpl - Illegal redeclarations of entities: reuse of entity http://xmlns.com/foaf/0.1/yahooChatID in punning not allowed [Declaration(ObjectProperty(<http://xmlns.com/foaf/0.1/yahooChatID>)), Declaration(DataProperty(<http://xmlns.com/foaf/0.1/yahooChatID>))]
2026-10-01T10:40:27.5639744Z [main] ERROR widoco.Configuration - Error while getting ontology revision. No literal provided
2026-10-01T10:40:27.6447617Z [main] INFO widoco.WidocoUtils - Copying resource folder from lode to tmp1790851227550
2026-10-01T10:40:27.6450512Z [main] WARN widoco.Configuration - Error while reading configuration properties from [/home/runner/work/Widoco/Widoco/target/config/config.properties]: /home/runner/work/Widoco/Widoco/target/config/config.properties (No such file or directory)
2026-10-01T10:40:27.6453775Z [main] WARN widoco.Configuration - Error while loading the default property file: /home/runner/work/Widoco/Widoco/target/config/config.properties (No such file or directory)
2026-10-01T10:40:27.6455718Z [main] INFO widoco.WidocoUtils - Load ontology test/OSO_1_1_0.owl
2026-10-01T10:40:27.6457252Z [main] INFO widoco.CatalogIRIMapper - Creating JenaCatalogIRIMapper
2026-10-01T10:40:27.6458297Z [main] INFO widoco.CatalogIRIMapper - Loading 3 inputstream:ontology43212001058
2026-10-01T10:40:27.6459519Z [main] INFO widoco.CatalogIRIMapper - Loaded ont-policy ontology
2026-10-01T10:40:27.6460751Z [main] INFO widoco.CatalogIRIMapper - http://www.w3.org/2000/01/rdf-schema -> file:///test/lib/ontologies/w3c/rdf-schema.rdf
2026-10-01T10:40:27.6462226Z [main] INFO widoco.CatalogIRIMapper - http://www.w3.org/2002/07/owl -> file:///test/lib/ontologies/w3c/owl.owl
2026-10-01T10:40:27.6464319Z [main] INFO org.semanticweb.owlapi.rdf.rdfxml.parser.AbstractState - Notice: root element does not have an xml:base. Relative IRIs will be resolved against file:/home/runner/work/Widoco/Widoco/test/OSO_1_1_0.owl
2026-10-01T10:40:27.7454895Z [main] INFO org.semanticweb.owlapi.io.DocumentSources - URL connection input stream is compressed using gzip
2026-10-01T10:40:27.7457347Z [main] INFO org.semanticweb.owlapi.rdf.rdfxml.parser.TripleHandlers - Usage of rdf vocabulary: http://www.w3.org/2004/02/skos/core#inScheme -> http://www.w3.org/1999/02/22-rdf-syntax-ns#type -> http://www.w3.org/1999/02/22-rdf-syntax-ns#Property
2026-10-01T10:40:27.7460764Z [main] INFO org.semanticweb.owlapi.rdf.rdfxml.parser.TripleHandlers - Usage of rdf vocabulary: http://www.w3.org/2004/02/skos/core#hasTopConcept -> http://www.w3.org/1999/02/22-rdf-syntax-ns#type -> http://www.w3.org/1999/02/22-rdf-syntax-ns#Property
2026-10-01T10:40:27.7463952Z [main] INFO org.semanticweb.owlapi.rdf.rdfxml.parser.TripleHandlers - Usage of rdf vocabulary: http://www.w3.org/2004/02/skos/core#topConceptOf -> http://www.w3.org/1999/02/22-rdf-syntax-ns#type -> http://www.w3.org/1999/02/22-rdf-syntax-ns#Property
2026-10-01T10:40:27.7467061Z [main] INFO org.semanticweb.owlapi.rdf.rdfxml.parser.TripleHandlers - Usage of rdf vocabulary: http://www.w3.org/2004/02/skos/core#prefLabel -> http://www.w3.org/1999/02/22-rdf-syntax-ns#type -> http://www.w3.org/1999/02/22-rdf-syntax-ns#Property
2026-10-01T10:40:27.7501221Z [main] INFO org.semanticweb.owlapi.rdf.rdfxml.parser.TripleHandlers - Usage of rdf vocabulary: http://www.w3.org/2004/02/skos/core#altLabel -> http://www.w3.org/1999/02/22-rdf-syntax-ns#type -> http://www.w3.org/1999/02/22-rdf-syntax-ns#Property
2026-10-01T10:40:27.7504702Z [main] INFO org.semanticweb.owlapi.rdf.rdfxml.parser.TripleHandlers - Usage of rdf vocabulary: http://www.w3.org/2004/02/skos/core#hiddenLabel -> http://www.w3.org/1999/02/22-rdf-syntax-ns#type -> http://www.w3.org/1999/02/22-rdf-syntax-ns#Property
2026-10-01T10:40:27.7508344Z [main] INFO org.semanticweb.owlapi.rdf.rdfxml.parser.TripleHandlers - Usage of rdf vocabulary: http://www.w3.org/2004/02/skos/core#notation -> http://www.w3.org/1999/02/22-rdf-syntax-ns#type -> http://www.w3.org/1999/02/22-rdf-syntax-ns#Property
2026-10-01T10:40:27.7512139Z [main] INFO org.semanticweb.owlapi.rdf.rdfxml.parser.TripleHandlers - Usage of rdf vocabulary: http://www.w3.org/2004/02/skos/core#note -> http://www.w3.org/1999/02/22-rdf-syntax-ns#type -> http://www.w3.org/1999/02/22-rdf-syntax-ns#Property
2026-10-01T10:40:27.7515697Z [main] INFO org.semanticweb.owlapi.rdf.rdfxml.parser.TripleHandlers - Usage of rdf vocabulary: http://www.w3.org/2004/02/skos/core#changeNote -> http://www.w3.org/1999/02/22-rdf-syntax-ns#type -> http://www.w3.org/1999/02/22-rdf-syntax-ns#Property
2026-10-01T10:40:27.7519617Z [main] INFO org.semanticweb.owlapi.rdf.rdfxml.parser.TripleHandlers - Usage of rdf vocabulary: http://www.w3.org/2004/02/skos/core#definition -> http://www.w3.org/1999/02/22-rdf-syntax-ns#type -> http://www.w3.org/1999/02/22-rdf-syntax-ns#Property
2026-10-01T10:40:27.7523280Z [main] INFO org.semanticweb.owlapi.rdf.rdfxml.parser.TripleHandlers - Usage of rdf vocabulary: http://www.w3.org/2004/02/skos/core#editorialNote -> http://www.w3.org/1999/02/22-rdf-syntax-ns#type -> http://www.w3.org/1999/02/22-rdf-syntax-ns#Property
2026-10-01T10:40:27.7527165Z [main] INFO org.semanticweb.owlapi.rdf.rdfxml.parser.TripleHandlers - Usage of rdf vocabulary: http://www.w3.org/2004/02/skos/core#example -> http://www.w3.org/1999/02/22-rdf-syntax-ns#type -> http://www.w3.org/1999/02/22-rdf-syntax-ns#Property
2026-10-01T10:40:27.7530984Z [main] INFO org.semanticweb.owlapi.rdf.rdfxml.parser.TripleHandlers - Usage of rdf vocabulary: http://www.w3.org/2004/02/skos/core#historyNote -> http://www.w3.org/1999/02/22-rdf-syntax-ns#type -> http://www.w3.org/1999/02/22-rdf-syntax-ns#Property
2026-10-01T10:40:27.7534438Z [main] INFO org.semanticweb.owlapi.rdf.rdfxml.parser.TripleHandlers - Usage of rdf vocabulary: http://www.w3.org/2004/02/skos/core#scopeNote -> http://www.w3.org/1999/02/22-rdf-syntax-ns#type -> http://www.w3.org/1999/02/22-rdf-syntax-ns#Property
2026-10-01T10:40:27.7537960Z [main] INFO org.semanticweb.owlapi.rdf.rdfxml.parser.TripleHandlers - Usage of rdf vocabulary: http://www.w3.org/2004/02/skos/core#semanticRelation -> http://www.w3.org/1999/02/22-rdf-syntax-ns#type -> http://www.w3.org/1999/02/22-rdf-syntax-ns#Property
2026-10-01T10:40:27.7541701Z [main] INFO org.semanticweb.owlapi.rdf.rdfxml.parser.TripleHandlers - Usage of rdf vocabulary: http://www.w3.org/2004/02/skos/core#broader -> http://www.w3.org/1999/02/22-rdf-syntax-ns#type -> http://www.w3.org/1999/02/22-rdf-syntax-ns#Property
2026-10-01T10:40:27.7545149Z [main] INFO org.semanticweb.owlapi.rdf.rdfxml.parser.TripleHandlers - Usage of rdf vocabulary: http://www.w3.org/2004/02/skos/core#narrower -> http://www.w3.org/1999/02/22-rdf-syntax-ns#type -> http://www.w3.org/1999/02/22-rdf-syntax-ns#Property
2026-10-01T10:40:27.7548765Z [main] INFO org.semanticweb.owlapi.rdf.rdfxml.parser.TripleHandlers - Usage of rdf vocabulary: http://www.w3.org/2004/02/skos/core#related -> http://www.w3.org/1999/02/22-rdf-syntax-ns#type -> http://www.w3.org/1999/02/22-rdf-syntax-ns#Property
2026-10-01T10:40:27.7552315Z [main] INFO org.semanticweb.owlapi.rdf.rdfxml.parser.TripleHandlers - Usage of rdf vocabulary: http://www.w3.org/2004/02/skos/core#broaderTransitive -> http://www.w3.org/1999/02/22-rdf-syntax-ns#type -> http://www.w3.org/1999/02/22-rdf-syntax-ns#Property
2026-10-01T10:40:27.7556172Z [main] INFO org.semanticweb.owlapi.rdf.rdfxml.parser.TripleHandlers - Usage of rdf vocabulary: http://www.w3.org/2004/02/skos/core#narrowerTransitive -> http://www.w3.org/1999/02/22-rdf-syntax-ns#type -> http://www.w3.org/1999/02/22-rdf-syntax-ns#Property
2026-10-01T10:40:27.7559888Z [main] INFO org.semanticweb.owlapi.rdf.rdfxml.parser.TripleHandlers - Usage of rdf vocabulary: http://www.w3.org/2004/02/skos/core#member -> http://www.w3.org/1999/02/22-rdf-syntax-ns#type -> http://www.w3.org/1999/02/22-rdf-syntax-ns#Property
2026-10-01T10:40:27.7563396Z [main] INFO org.semanticweb.owlapi.rdf.rdfxml.parser.TripleHandlers - Usage of rdf vocabulary: http://www.w3.org/2004/02/skos/core#memberList -> http://www.w3.org/1999/02/22-rdf-syntax-ns#type -> http://www.w3.org/1999/02/22-rdf-syntax-ns#Property
2026-10-01T10:40:27.7566970Z [main] INFO org.semanticweb.owlapi.rdf.rdfxml.parser.TripleHandlers - Usage of rdf vocabulary: http://www.w3.org/2004/02/skos/core#mappingRelation -> http://www.w3.org/1999/02/22-rdf-syntax-ns#type -> http://www.w3.org/1999/02/22-rdf-syntax-ns#Property
2026-10-01T10:40:27.7570731Z [main] INFO org.semanticweb.owlapi.rdf.rdfxml.parser.TripleHandlers - Usage of rdf vocabulary: http://www.w3.org/2004/02/skos/core#broadMatch -> http://www.w3.org/1999/02/22-rdf-syntax-ns#type -> http://www.w3.org/1999/02/22-rdf-syntax-ns#Property
2026-10-01T10:40:27.7574186Z [main] INFO org.semanticweb.owlapi.rdf.rdfxml.parser.TripleHandlers - Usage of rdf vocabulary: http://www.w3.org/2004/02/skos/core#narrowMatch -> http://www.w3.org/1999/02/22-rdf-syntax-ns#type -> http://www.w3.org/1999/02/22-rdf-syntax-ns#Property
2026-10-01T10:40:27.7577628Z [main] INFO org.semanticweb.owlapi.rdf.rdfxml.parser.TripleHandlers - Usage of rdf vocabulary: http://www.w3.org/2004/02/skos/core#relatedMatch -> http://www.w3.org/1999/02/22-rdf-syntax-ns#type -> http://www.w3.org/1999/02/22-rdf-syntax-ns#Property
2026-10-01T10:40:27.7581527Z [main] INFO org.semanticweb.owlapi.rdf.rdfxml.parser.TripleHandlers - Usage of rdf vocabulary: http://www.w3.org/2004/02/skos/core#exactMatch -> http://www.w3.org/1999/02/22-rdf-syntax-ns#type -> http://www.w3.org/1999/02/22-rdf-syntax-ns#Property
2026-10-01T10:40:27.7584953Z [main] INFO org.semanticweb.owlapi.rdf.rdfxml.parser.TripleHandlers - Usage of rdf vocabulary: http://www.w3.org/2004/02/skos/core#closeMatch -> http://www.w3.org/1999/02/22-rdf-syntax-ns#type -> http://www.w3.org/1999/02/22-rdf-syntax-ns#Property
2026-10-01T10:40:27.8455210Z [main] INFO org.semanticweb.owlapi.rdf.rdfxml.parser.AbstractState - Notice: root element does not have an xml:base. Relative IRIs will be resolved against http://xmlns.com/foaf/0.1/
2026-10-01T10:40:27.8561689Z [main] INFO org.semanticweb.owlapi.rdf.rdfxml.parser.TripleHandlers - Usage of rdf vocabulary: http://xmlns.com/foaf/0.1/mbox -> http://www.w3.org/1999/02/22-rdf-syntax-ns#type -> http://www.w3.org/1999/02/22-rdf-syntax-ns#Property
2026-10-01T10:40:27.8596836Z [main] INFO org.semanticweb.owlapi.rdf.rdfxml.parser.TripleHandlers - Usage of rdf vocabulary: http://xmlns.com/foaf/0.1/mbox_sha1sum -> http://www.w3.org/1999/02/22-rdf-syntax-ns#type -> http://www.w3.org/1999/02/22-rdf-syntax-ns#Property
2026-10-01T10:40:27.8616727Z [main] INFO org.semanticweb.owlapi.rdf.rdfxml.parser.TripleHandlers - Usage of rdf vocabulary: http://xmlns.com/foaf/0.1/gender -> http://www.w3.org/1999/02/22-rdf-syntax-ns#type -> http://www.w3.org/1999/02/22-rdf-syntax-ns#Property
2026-10-01T10:40:27.8650493Z [main] INFO org.semanticweb.owlapi.rdf.rdfxml.parser.TripleHandlers - Usage of rdf vocabulary: http://xmlns.com/foaf/0.1/geekcode -> http://www.w3.org/1999/02/22-rdf-syntax-ns#type -> http://www.w3.org/1999/02/22-rdf-syntax-ns#Property
2026-10-01T10:40:27.8671477Z [main] INFO org.semanticweb.owlapi.rdf.rdfxml.parser.TripleHandlers - Usage of rdf vocabulary: http://xmlns.com/foaf/0.1/dnaChecksum -> http://www.w3.org/1999/02/22-rdf-syntax-ns#type -> http://www.w3.org/1999/02/22-rdf-syntax-ns#Property
2026-10-01T10:40:27.8703251Z [main] INFO org.semanticweb.owlapi.rdf.rdfxml.parser.TripleHandlers - Usage of rdf vocabulary: http://xmlns.com/foaf/0.1/sha1 -> http://www.w3.org/1999/02/22-rdf-syntax-ns#type -> http://www.w3.org/1999/02/22-rdf-syntax-ns#Property
2026-10-01T10:40:27.8727047Z [main] INFO org.semanticweb.owlapi.rdf.rdfxml.parser.TripleHandlers - Usage of rdf vocabulary: http://xmlns.com/foaf/0.1/based_near -> http://www.w3.org/1999/02/22-rdf-syntax-ns#type -> http://www.w3.org/1999/02/22-rdf-syntax-ns#Property
2026-10-01T10:40:27.8750441Z [main] INFO org.semanticweb.owlapi.rdf.rdfxml.parser.TripleHandlers - Usage of rdf vocabulary: http://xmlns.com/foaf/0.1/title -> http://www.w3.org/1999/02/22-rdf-syntax-ns#type -> http://www.w3.org/1999/02/22-rdf-syntax-ns#Property
2026-10-01T10:40:27.8753784Z [main] INFO org.semanticweb.owlapi.rdf.rdfxml.parser.TripleHandlers - Usage of rdf vocabulary: http://xmlns.com/foaf/0.1/nick -> http://www.w3.org/1999/02/22-rdf-syntax-ns#type -> http://www.w3.org/1999/02/22-rdf-syntax-ns#Property
2026-10-01T10:40:27.8800372Z [main] INFO org.semanticweb.owlapi.rdf.rdfxml.parser.TripleHandlers - Usage of rdf vocabulary: http://xmlns.com/foaf/0.1/jabberID -> http://www.w3.org/1999/02/22-rdf-syntax-ns#type -> http://www.w3.org/1999/02/22-rdf-syntax-ns#Property
2026-10-01T10:40:27.8830449Z [main] INFO org.semanticweb.owlapi.rdf.rdfxml.parser.TripleHandlers - Usage of rdf vocabulary: http://xmlns.com/foaf/0.1/aimChatID -> http://www.w3.org/1999/02/22-rdf-syntax-ns#type -> http://www.w3.org/1999/02/22-rdf-syntax-ns#Property
2026-10-01T10:40:27.8840511Z [main] INFO org.semanticweb.owlapi.rdf.rdfxml.parser.TripleHandlers - Usage of rdf vocabulary: http://xmlns.com/foaf/0.1/skypeID -> http://www.w3.org/1999/02/22-rdf-syntax-ns#type -> http://www.w3.org/1999/02/22-rdf-syntax-ns#Property
2026-10-01T10:40:27.8844695Z [main] INFO org.semanticweb.owlapi.rdf.rdfxml.parser.TripleHandlers - Usage of rdf vocabulary: http://xmlns.com/foaf/0.1/icqChatID -> http://www.w3.org/1999/02/22-rdf-syntax-ns#type -> http://www.w3.org/1999/02/22-rdf-syntax-ns#Property
2026-10-01T10:40:27.8870029Z [main] INFO org.semanticweb.owlapi.rdf.rdfxml.parser.TripleHandlers - Usage of rdf vocabulary: http://xmlns.com/foaf/0.1/yahooChatID -> http://www.w3.org/1999/02/22-rdf-syntax-ns#type -> http://www.w3.org/1999/02/22-rdf-syntax-ns#Property
2026-10-01T10:40:27.8873047Z [main] INFO org.semanticweb.owlapi.rdf.rdfxml.parser.TripleHandlers - Usage of rdf vocabulary: http://xmlns.com/foaf/0.1/msnChatID -> http://www.w3.org/1999/02/22-rdf-syntax-ns#type -> http://www.w3.org/1999/02/22-rdf-syntax-ns#Property
2026-10-01T10:40:27.8875452Z [main] INFO org.semanticweb.owlapi.rdf.rdfxml.parser.TripleHandlers - Usage of rdf vocabulary: http://xmlns.com/foaf/0.1/name -> http://www.w3.org/1999/02/22-rdf-syntax-ns#type -> http://www.w3.org/1999/02/22-rdf-syntax-ns#Property
2026-10-01T10:40:27.8878371Z [main] INFO org.semanticweb.owlapi.rdf.rdfxml.parser.TripleHandlers - Usage of rdf vocabulary: http://xmlns.com/foaf/0.1/firstName -> http://www.w3.org/1999/02/22-rdf-syntax-ns#type -> http://www.w3.org/1999/02/22-rdf-syntax-ns#Property
2026-10-01T10:40:27.8910672Z [main] INFO org.semanticweb.owlapi.rdf.rdfxml.parser.TripleHandlers - Usage of rdf vocabulary: http://xmlns.com/foaf/0.1/lastName -> http://www.w3.org/1999/02/22-rdf-syntax-ns#type -> http://www.w3.org/1999/02/22-rdf-syntax-ns#Property
2026-10-01T10:40:27.8931163Z [main] INFO org.semanticweb.owlapi.rdf.rdfxml.parser.TripleHandlers - Usage of rdf vocabulary: http://xmlns.com/foaf/0.1/givenName -> http://www.w3.org/1999/02/22-rdf-syntax-ns#type -> http://www.w3.org/1999/02/22-rdf-syntax-ns#Property
2026-10-01T10:40:27.8934309Z [main] INFO org.semanticweb.owlapi.rdf.rdfxml.parser.TripleHandlers - Usage of rdf vocabulary: http://xmlns.com/foaf/0.1/givenname -> http://www.w3.org/1999/02/22-rdf-syntax-ns#type -> http://www.w3.org/1999/02/22-rdf-syntax-ns#Property
2026-10-01T10:40:27.8937797Z [main] INFO org.semanticweb.owlapi.rdf.rdfxml.parser.TripleHandlers - Usage of rdf vocabulary: http://xmlns.com/foaf/0.1/surname -> http://www.w3.org/1999/02/22-rdf-syntax-ns#type -> http://www.w3.org/1999/02/22-rdf-syntax-ns#Property
2026-10-01T10:40:27.8941093Z [main] INFO org.semanticweb.owlapi.rdf.rdfxml.parser.TripleHandlers - Usage of rdf vocabulary: http://xmlns.com/foaf/0.1/family_name -> http://www.w3.org/1999/02/22-rdf-syntax-ns#type -> http://www.w3.org/1999/02/22-rdf-syntax-ns#Property
2026-10-01T10:40:27.8944230Z [main] INFO org.semanticweb.owlapi.rdf.rdfxml.parser.TripleHandlers - Usage of rdf vocabulary: http://xmlns.com/foaf/0.1/familyName -> http://www.w3.org/1999/02/22-rdf-syntax-ns#type -> http://www.w3.org/1999/02/22-rdf-syntax-ns#Property
2026-10-01T10:40:27.8947358Z [main] INFO org.semanticweb.owlapi.rdf.rdfxml.parser.TripleHandlers - Usage of rdf vocabulary: http://xmlns.com/foaf/0.1/phone -> http://www.w3.org/1999/02/22-rdf-syntax-ns#type -> http://www.w3.org/1999/02/22-rdf-syntax-ns#Property
2026-10-01T10:40:27.8950538Z [main] INFO org.semanticweb.owlapi.rdf.rdfxml.parser.TripleHandlers - Usage of rdf vocabulary: http://xmlns.com/foaf/0.1/homepage -> http://www.w3.org/1999/02/22-rdf-syntax-ns#type -> http://www.w3.org/1999/02/22-rdf-syntax-ns#Property
2026-10-01T10:40:27.8953515Z [main] INFO org.semanticweb.owlapi.rdf.rdfxml.parser.TripleHandlers - Usage of rdf vocabulary: http://xmlns.com/foaf/0.1/weblog -> http://www.w3.org/1999/02/22-rdf-syntax-ns#type -> http://www.w3.org/1999/02/22-rdf-syntax-ns#Property
2026-10-01T10:40:27.8956522Z [main] INFO org.semanticweb.owlapi.rdf.rdfxml.parser.TripleHandlers - Usage of rdf vocabulary: http://xmlns.com/foaf/0.1/openid -> http://www.w3.org/1999/02/22-rdf-syntax-ns#type -> http://www.w3.org/1999/02/22-rdf-syntax-ns#Property
2026-10-01T10:40:27.8959718Z [main] INFO org.semanticweb.owlapi.rdf.rdfxml.parser.TripleHandlers - Usage of rdf vocabulary: http://xmlns.com/foaf/0.1/tipjar -> http://www.w3.org/1999/02/22-rdf-syntax-ns#type -> http://www.w3.org/1999/02/22-rdf-syntax-ns#Property
2026-10-01T10:40:27.8962935Z [main] INFO org.semanticweb.owlapi.rdf.rdfxml.parser.TripleHandlers - Usage of rdf vocabulary: http://xmlns.com/foaf/0.1/plan -> http://www.w3.org/1999/02/22-rdf-syntax-ns#type -> http://www.w3.org/1999/02/22-rdf-syntax-ns#Property
2026-10-01T10:40:27.8965899Z [main] INFO org.semanticweb.owlapi.rdf.rdfxml.parser.TripleHandlers - Usage of rdf vocabulary: http://xmlns.com/foaf/0.1/made -> http://www.w3.org/1999/02/22-rdf-syntax-ns#type -> http://www.w3.org/1999/02/22-rdf-syntax-ns#Property
2026-10-01T10:40:27.8969089Z [main] INFO org.semanticweb.owlapi.rdf.rdfxml.parser.TripleHandlers - Usage of rdf vocabulary: http://xmlns.com/foaf/0.1/maker -> http://www.w3.org/1999/02/22-rdf-syntax-ns#type -> http://www.w3.org/1999/02/22-rdf-syntax-ns#Property
2026-10-01T10:40:27.8972146Z [main] INFO org.semanticweb.owlapi.rdf.rdfxml.parser.TripleHandlers - Usage of rdf vocabulary: http://xmlns.com/foaf/0.1/img -> http://www.w3.org/1999/02/22-rdf-syntax-ns#type -> http://www.w3.org/1999/02/22-rdf-syntax-ns#Property
2026-10-01T10:40:27.8975219Z [main] INFO org.semanticweb.owlapi.rdf.rdfxml.parser.TripleHandlers - Usage of rdf vocabulary: http://xmlns.com/foaf/0.1/depiction -> http://www.w3.org/1999/02/22-rdf-syntax-ns#type -> http://www.w3.org/1999/02/22-rdf-syntax-ns#Property
2026-10-01T10:40:27.8978220Z [main] INFO org.semanticweb.owlapi.rdf.rdfxml.parser.TripleHandlers - Usage of rdf vocabulary: http://xmlns.com/foaf/0.1/depicts -> http://www.w3.org/1999/02/22-rdf-syntax-ns#type -> http://www.w3.org/1999/02/22-rdf-syntax-ns#Property
2026-10-01T10:40:27.8981441Z [main] INFO org.semanticweb.owlapi.rdf.rdfxml.parser.TripleHandlers - Usage of rdf vocabulary: http://xmlns.com/foaf/0.1/thumbnail -> http://www.w3.org/1999/02/22-rdf-syntax-ns#type -> http://www.w3.org/1999/02/22-rdf-syntax-ns#Property
2026-10-01T10:40:27.8990734Z [main] INFO org.semanticweb.owlapi.rdf.rdfxml.parser.TripleHandlers - Usage of rdf vocabulary: http://xmlns.com/foaf/0.1/myersBriggs -> http://www.w3.org/1999/02/22-rdf-syntax-ns#type -> http://www.w3.org/1999/02/22-rdf-syntax-ns#Property
2026-10-01T10:40:27.8994275Z [main] INFO org.semanticweb.owlapi.rdf.rdfxml.parser.TripleHandlers - Usage of rdf vocabulary: http://xmlns.com/foaf/0.1/workplaceHomepage -> http://www.w3.org/1999/02/22-rdf-syntax-ns#type -> http://www.w3.org/1999/02/22-rdf-syntax-ns#Property
2026-10-01T10:40:27.8997582Z [main] INFO org.semanticweb.owlapi.rdf.rdfxml.parser.TripleHandlers - Usage of rdf vocabulary: http://xmlns.com/foaf/0.1/workInfoHomepage -> http://www.w3.org/1999/02/22-rdf-syntax-ns#type -> http://www.w3.org/1999/02/22-rdf-syntax-ns#Property
2026-10-01T10:40:27.9001098Z [main] INFO org.semanticweb.owlapi.rdf.rdfxml.parser.TripleHandlers - Usage of rdf vocabulary: http://xmlns.com/foaf/0.1/schoolHomepage -> http://www.w3.org/1999/02/22-rdf-syntax-ns#type -> http://www.w3.org/1999/02/22-rdf-syntax-ns#Property
2026-10-01T10:40:27.9004135Z [main] INFO org.semanticweb.owlapi.rdf.rdfxml.parser.TripleHandlers - Usage of rdf vocabulary: http://xmlns.com/foaf/0.1/knows -> http://www.w3.org/1999/02/22-rdf-syntax-ns#type -> http://www.w3.org/1999/02/22-rdf-syntax-ns#Property
2026-10-01T10:40:27.9007117Z [main] INFO org.semanticweb.owlapi.rdf.rdfxml.parser.TripleHandlers - Usage of rdf vocabulary: http://xmlns.com/foaf/0.1/interest -> http://www.w3.org/1999/02/22-rdf-syntax-ns#type -> http://www.w3.org/1999/02/22-rdf-syntax-ns#Property
2026-10-01T10:40:27.9010394Z [main] INFO org.semanticweb.owlapi.rdf.rdfxml.parser.TripleHandlers - Usage of rdf vocabulary: http://xmlns.com/foaf/0.1/topic_interest -> http://www.w3.org/1999/02/22-rdf-syntax-ns#type -> http://www.w3.org/1999/02/22-rdf-syntax-ns#Property
2026-10-01T10:40:27.9013541Z [main] INFO org.semanticweb.owlapi.rdf.rdfxml.parser.TripleHandlers - Usage of rdf vocabulary: http://xmlns.com/foaf/0.1/publications -> http://www.w3.org/1999/02/22-rdf-syntax-ns#type -> http://www.w3.org/1999/02/22-rdf-syntax-ns#Property
2026-10-01T10:40:27.9017022Z [main] INFO org.semanticweb.owlapi.rdf.rdfxml.parser.TripleHandlers - Usage of rdf vocabulary: http://xmlns.com/foaf/0.1/currentProject -> http://www.w3.org/1999/02/22-rdf-syntax-ns#type -> http://www.w3.org/1999/02/22-rdf-syntax-ns#Property
2026-10-01T10:40:27.9052628Z [main] INFO org.semanticweb.owlapi.rdf.rdfxml.parser.TripleHandlers - Usage of rdf vocabulary: http://xmlns.com/foaf/0.1/pastProject -> http://www.w3.org/1999/02/22-rdf-syntax-ns#type -> http://www.w3.org/1999/02/22-rdf-syntax-ns#Property
2026-10-01T10:40:27.9055791Z [main] INFO org.semanticweb.owlapi.rdf.rdfxml.parser.TripleHandlers - Usage of rdf vocabulary: http://xmlns.com/foaf/0.1/fundedBy -> http://www.w3.org/1999/02/22-rdf-syntax-ns#type -> http://www.w3.org/1999/02/22-rdf-syntax-ns#Property
2026-10-01T10:40:27.9058990Z [main] INFO org.semanticweb.owlapi.rdf.rdfxml.parser.TripleHandlers - Usage of rdf vocabulary: http://xmlns.com/foaf/0.1/logo -> http://www.w3.org/1999/02/22-rdf-syntax-ns#type -> http://www.w3.org/1999/02/22-rdf-syntax-ns#Property
2026-10-01T10:40:27.9061963Z [main] INFO org.semanticweb.owlapi.rdf.rdfxml.parser.TripleHandlers - Usage of rdf vocabulary: http://xmlns.com/foaf/0.1/topic -> http://www.w3.org/1999/02/22-rdf-syntax-ns#type -> http://www.w3.org/1999/02/22-rdf-syntax-ns#Property
2026-10-01T10:40:27.9065004Z [main] INFO org.semanticweb.owlapi.rdf.rdfxml.parser.TripleHandlers - Usage of rdf vocabulary: http://xmlns.com/foaf/0.1/primaryTopic -> http://www.w3.org/1999/02/22-rdf-syntax-ns#type -> http://www.w3.org/1999/02/22-rdf-syntax-ns#Property
2026-10-01T10:40:27.9068126Z [main] INFO org.semanticweb.owlapi.rdf.rdfxml.parser.TripleHandlers - Usage of rdf vocabulary: http://xmlns.com/foaf/0.1/focus -> http://www.w3.org/1999/02/22-rdf-syntax-ns#type -> http://www.w3.org/1999/02/22-rdf-syntax-ns#Property
2026-10-01T10:40:27.9071493Z [main] INFO org.semanticweb.owlapi.rdf.rdfxml.parser.TripleHandlers - Usage of rdf vocabulary: http://xmlns.com/foaf/0.1/isPrimaryTopicOf -> http://www.w3.org/1999/02/22-rdf-syntax-ns#type -> http://www.w3.org/1999/02/22-rdf-syntax-ns#Property
2026-10-01T10:40:27.9074933Z [main] INFO org.semanticweb.owlapi.rdf.rdfxml.parser.TripleHandlers - Usage of rdf vocabulary: http://xmlns.com/foaf/0.1/page -> http://www.w3.org/1999/02/22-rdf-syntax-ns#type -> http://www.w3.org/1999/02/22-rdf-syntax-ns#Property
2026-10-01T10:40:27.9077957Z [main] INFO org.semanticweb.owlapi.rdf.rdfxml.parser.TripleHandlers - Usage of rdf vocabulary: http://xmlns.com/foaf/0.1/theme -> http://www.w3.org/1999/02/22-rdf-syntax-ns#type -> http://www.w3.org/1999/02/22-rdf-syntax-ns#Property
2026-10-01T10:40:27.9081139Z [main] INFO org.semanticweb.owlapi.rdf.rdfxml.parser.TripleHandlers - Usage of rdf vocabulary: http://xmlns.com/foaf/0.1/account -> http://www.w3.org/1999/02/22-rdf-syntax-ns#type -> http://www.w3.org/1999/02/22-rdf-syntax-ns#Property
2026-10-01T10:40:27.9084188Z [main] INFO org.semanticweb.owlapi.rdf.rdfxml.parser.TripleHandlers - Usage of rdf vocabulary: http://xmlns.com/foaf/0.1/holdsAccount -> http://www.w3.org/1999/02/22-rdf-syntax-ns#type -> http://www.w3.org/1999/02/22-rdf-syntax-ns#Property
2026-10-01T10:40:27.9087335Z [main] INFO org.semanticweb.owlapi.rdf.rdfxml.parser.TripleHandlers - Usage of rdf vocabulary: http://xmlns.com/foaf/0.1/accountServiceHomepage -> http://www.w3.org/1999/02/22-rdf-syntax-ns#type -> http://www.w3.org/1999/02/22-rdf-syntax-ns#Property
2026-10-01T10:40:27.9090688Z [main] INFO org.semanticweb.owlapi.rdf.rdfxml.parser.TripleHandlers - Usage of rdf vocabulary: http://xmlns.com/foaf/0.1/accountName -> http://www.w3.org/1999/02/22-rdf-syntax-ns#type -> http://www.w3.org/1999/02/22-rdf-syntax-ns#Property
2026-10-01T10:40:27.9093796Z [main] INFO org.semanticweb.owlapi.rdf.rdfxml.parser.TripleHandlers - Usage of rdf vocabulary: http://xmlns.com/foaf/0.1/member -> http://www.w3.org/1999/02/22-rdf-syntax-ns#type -> http://www.w3.org/1999/02/22-rdf-syntax-ns#Property
2026-10-01T10:40:27.9097148Z [main] INFO org.semanticweb.owlapi.rdf.rdfxml.parser.TripleHandlers - Usage of rdf vocabulary: http://xmlns.com/foaf/0.1/membershipClass -> http://www.w3.org/1999/02/22-rdf-syntax-ns#type -> http://www.w3.org/1999/02/22-rdf-syntax-ns#Property
2026-10-01T10:40:27.9104742Z [main] INFO org.semanticweb.owlapi.rdf.rdfxml.parser.TripleHandlers - Usage of rdf vocabulary: http://xmlns.com/foaf/0.1/birthday -> http://www.w3.org/1999/02/22-rdf-syntax-ns#type -> http://www.w3.org/1999/02/22-rdf-syntax-ns#Property
2026-10-01T10:40:27.9107782Z [main] INFO org.semanticweb.owlapi.rdf.rdfxml.parser.TripleHandlers - Usage of rdf vocabulary: http://xmlns.com/foaf/0.1/age -> http://www.w3.org/1999/02/22-rdf-syntax-ns#type -> http://www.w3.org/1999/02/22-rdf-syntax-ns#Property
2026-10-01T10:40:27.9110998Z [main] INFO org.semanticweb.owlapi.rdf.rdfxml.parser.TripleHandlers - Usage of rdf vocabulary: http://xmlns.com/foaf/0.1/status -> http://www.w3.org/1999/02/22-rdf-syntax-ns#type -> http://www.w3.org/1999/02/22-rdf-syntax-ns#Property
2026-10-01T10:40:27.9117330Z [main] INFO org.semanticweb.owlapi.rdf.rdfxml.parser.OWLRDFConsumer - Unparsed triple: http://www.w3.org/2002/07/owl#equivalentProperty -> http://xmlns.com/foaf/0.1/maker -> http://purl.org/dc/terms/creator
2026-10-01T10:40:27.9121192Z [main] WARN uk.ac.manchester.cs.owl.owlapi.OWLOntologyManagerImpl - Illegal redeclarations of entities: reuse of entity http://xmlns.com/foaf/0.1/aimChatID in punning not allowed [Declaration(ObjectProperty(<http://xmlns.com/foaf/0.1/aimChatID>)), Declaration(DataProperty(<http://xmlns.com/foaf/0.1/aimChatID>))]
2026-10-01T10:40:27.9125431Z [main] WARN uk.ac.manchester.cs.owl.owlapi.OWLOntologyManagerImpl - Illegal redeclarations of entities: reuse of entity http://xmlns.com/foaf/0.1/icqChatID in punning not allowed [Declaration(ObjectProperty(<http://xmlns.com/foaf/0.1/icqChatID>)), Declaration(DataProperty(<http://xmlns.com/foaf/0.1/icqChatID>))]
2026-10-01T10:40:27.9139923Z [main] WARN uk.ac.manchester.cs.owl.owlapi.OWLOntologyManagerImpl - Illegal redeclarations of entities: reuse of entity http://xmlns.com/foaf/0.1/mbox_sha1sum in punning not allowed [Declaration(DataProperty(<http://xmlns.com/foaf/0.1/mbox_sha1sum>)), Declaration(ObjectProperty(<http://xmlns.com/foaf/0.1/mbox_sha1sum>))]
2026-10-01T10:40:27.9144386Z [main] WARN uk.ac.manchester.cs.owl.owlapi.OWLOntologyManagerImpl - Illegal redeclarations of entities: reuse of entity http://xmlns.com/foaf/0.1/jabberID in punning not allowed [Declaration(DataProperty(<http://xmlns.com/foaf/0.1/jabberID>)), Declaration(ObjectProperty(<http://xmlns.com/foaf/0.1/jabberID>))]
2026-10-01T10:40:27.9148738Z [main] WARN uk.ac.manchester.cs.owl.owlapi.OWLOntologyManagerImpl - Illegal redeclarations of entities: reuse of entity http://xmlns.com/foaf/0.1/yahooChatID in punning not allowed [Declaration(ObjectProperty(<http://xmlns.com/foaf/0.1/yahooChatID>)), Declaration(DataProperty(<http://xmlns.com/foaf/0.1/yahooChatID>))]
2026-10-01T10:40:27.9154153Z [main] WARN uk.ac.manchester.cs.owl.owlapi.OWLOntologyManagerImpl - Illegal redeclarations of entities: reuse of entity http://xmlns.com/foaf/0.1/msnChatID in punning not allowed [Declaration(DataProperty(<http://xmlns.com/foaf/0.1/msnChatID>)), Declaration(ObjectProperty(<http://xmlns.com/foaf/0.1/msnChatID>))]
2026-10-01T10:40:27.9158255Z [main] WARN org.semanticweb.owlapi.util.OWLAnnotationPropertyTransformer - Annotation property range axiom turned to data property range after parsing. This could introduce errors if the original range was an anonymous expression: http://www.w3.org/2000/01/rdf-schema#Literal is the new domain.
2026-10-01T10:40:27.9161144Z [main] INFO org.semanticweb.owlapi.io.DocumentSources - URL connection input stream is compressed using gzip
2026-10-01T10:40:27.9472116Z [main] WARN uk.ac.manchester.cs.owl.owlapi.OWLOntologyManagerImpl - Illegal redeclarations of entities: reuse of entity http://www.w3.org/ns/prov#wasRevisionOf in punning not allowed [Declaration(ObjectProperty(<http://www.w3.org/ns/prov#wasRevisionOf>)), Declaration(AnnotationProperty(<http://www.w3.org/ns/prov#wasRevisionOf>))]
2026-10-01T10:40:27.9501869Z [main] WARN uk.ac.manchester.cs.owl.owlapi.OWLOntologyManagerImpl - Illegal redeclarations of entities: reuse of entity http://www.w3.org/ns/prov#specializationOf in punning not allowed [Declaration(ObjectProperty(<http://www.w3.org/ns/prov#specializationOf>)), Declaration(AnnotationProperty(<http://www.w3.org/ns/prov#specializationOf>))]
2026-10-01T10:40:27.9529567Z [main] INFO org.semanticweb.owlapi.io.DocumentSources - URL connection input stream is compressed using gzip
2026-10-01T10:40:27.9558152Z [main] INFO org.semanticweb.owlapi.rdf.rdfxml.parser.AbstractState - Notice: root element does not have an xml:base. Relative IRIs will be resolved against http://www.w3.org/2003/01/geo/wgs84_pos
2026-10-01T10:40:27.9578959Z [main] INFO org.semanticweb.owlapi.rdf.rdfxml.parser.TripleHandlers - Usage of rdf vocabulary: http://www.w3.org/2003/01/geo/wgs84_pos#lat -> http://www.w3.org/1999/02/22-rdf-syntax-ns#type -> http://www.w3.org/1999/02/22-rdf-syntax-ns#Property
2026-10-01T10:40:27.9583477Z [main] INFO org.semanticweb.owlapi.rdf.rdfxml.parser.TripleHandlers - Usage of rdf vocabulary: http://www.w3.org/2003/01/geo/wgs84_pos#location -> http://www.w3.org/1999/02/22-rdf-syntax-ns#type -> http://www.w3.org/1999/02/22-rdf-syntax-ns#Property
2026-10-01T10:40:27.9588216Z [main] INFO org.semanticweb.owlapi.rdf.rdfxml.parser.TripleHandlers - Usage of rdf vocabulary: http://www.w3.org/2003/01/geo/wgs84_pos#long -> http://www.w3.org/1999/02/22-rdf-syntax-ns#type -> http://www.w3.org/1999/02/22-rdf-syntax-ns#Property
2026-10-01T10:40:27.9592091Z [main] INFO org.semanticweb.owlapi.rdf.rdfxml.parser.TripleHandlers - Usage of rdf vocabulary: http://www.w3.org/2003/01/geo/wgs84_pos#alt -> http://www.w3.org/1999/02/22-rdf-syntax-ns#type -> http://www.w3.org/1999/02/22-rdf-syntax-ns#Property
2026-10-01T10:40:27.9596323Z [main] INFO org.semanticweb.owlapi.rdf.rdfxml.parser.TripleHandlers - Usage of rdf vocabulary: http://www.w3.org/2003/01/geo/wgs84_pos#lat_long -> http://www.w3.org/1999/02/22-rdf-syntax-ns#type -> http://www.w3.org/1999/02/22-rdf-syntax-ns#Property
2026-10-01T10:40:28.2564395Z [main] WARN uk.ac.manchester.cs.owl.owlapi.OWLOntologyManagerImpl - Illegal redeclarations of entities: reuse of entity http://xmlns.com/foaf/0.1/aimChatID in punning not allowed [Declaration(ObjectProperty(<http://xmlns.com/foaf/0.1/aimChatID>)), Declaration(DataProperty(<http://xmlns.com/foaf/0.1/aimChatID>))]
2026-10-01T10:40:28.2590945Z [main] WARN uk.ac.manchester.cs.owl.owlapi.OWLOntologyManagerImpl - Illegal redeclarations of entities: reuse of entity http://xmlns.com/foaf/0.1/icqChatID in punning not allowed [Declaration(ObjectProperty(<http://xmlns.com/foaf/0.1/icqChatID>)), Declaration(DataProperty(<http://xmlns.com/foaf/0.1/icqChatID>))]
2026-10-01T10:40:28.2605125Z [main] WARN uk.ac.manchester.cs.owl.owlapi.OWLOntologyManagerImpl - Illegal redeclarations of entities: reuse of entity http://www.w3.org/ns/prov#wasRevisionOf in punning not allowed [Declaration(ObjectProperty(<http://www.w3.org/ns/prov#wasRevisionOf>)), Declaration(AnnotationProperty(<http://www.w3.org/ns/prov#wasRevisionOf>))]
2026-10-01T10:40:28.2610347Z [main] WARN uk.ac.manchester.cs.owl.owlapi.OWLOntologyManagerImpl - Illegal redeclarations of entities: reuse of entity http://xmlns.com/foaf/0.1/mbox_sha1sum in punning not allowed [Declaration(DataProperty(<http://xmlns.com/foaf/0.1/mbox_sha1sum>)), Declaration(ObjectProperty(<http://xmlns.com/foaf/0.1/mbox_sha1sum>))]
2026-10-01T10:40:28.2615184Z [main] WARN uk.ac.manchester.cs.owl.owlapi.OWLOntologyManagerImpl - Illegal redeclarations of entities: reuse of entity http://www.w3.org/ns/prov#specializationOf in punning not allowed [Declaration(ObjectProperty(<http://www.w3.org/ns/prov#specializationOf>)), Declaration(AnnotationProperty(<http://www.w3.org/ns/prov#specializationOf>))]
2026-10-01T10:40:28.2619922Z [main] WARN uk.ac.manchester.cs.owl.owlapi.OWLOntologyManagerImpl - Illegal redeclarations of entities: reuse of entity http://xmlns.com/foaf/0.1/msnChatID in punning not allowed [Declaration(DataProperty(<http://xmlns.com/foaf/0.1/msnChatID>)), Declaration(ObjectProperty(<http://xmlns.com/foaf/0.1/msnChatID>))]
2026-10-01T10:40:28.2624679Z [main] WARN uk.ac.manchester.cs.owl.owlapi.OWLOntologyManagerImpl - Illegal redeclarations of entities: reuse of entity http://xmlns.com/foaf/0.1/jabberID in punning not allowed [Declaration(DataProperty(<http://xmlns.com/foaf/0.1/jabberID>)), Declaration(ObjectProperty(<http://xmlns.com/foaf/0.1/jabberID>))]
2026-10-01T10:40:28.2629522Z [main] WARN uk.ac.manchester.cs.owl.owlapi.OWLOntologyManagerImpl - Illegal redeclarations of entities: reuse of entity http://xmlns.com/foaf/0.1/yahooChatID in punning not allowed [Declaration(ObjectProperty(<http://xmlns.com/foaf/0.1/yahooChatID>)), Declaration(DataProperty(<http://xmlns.com/foaf/0.1/yahooChatID>))]
2026-10-01T10:40:28.2632563Z [main] ERROR widoco.Configuration - Error while getting ontology revision. No literal provided
2026-10-01T10:40:28.2665458Z [main] ERROR widoco.Configuration - Error while getting ontology revision. No literal provided
2026-10-01T10:40:28.3536502Z [main] INFO widoco.WidocoUtils - Copying resource folder from lode to tmp1790851228266
2026-10-01T10:40:28.3560911Z [main] WARN widoco.Configuration - Error while reading configuration properties from [/home/runner/work/Widoco/Widoco/target/config/config.properties]: /home/runner/work/Widoco/Widoco/target/config/config.properties (No such file or directory)
2026-10-01T10:40:28.3563912Z [main] WARN widoco.Configuration - Error while loading the default property file: /home/runner/work/Widoco/Widoco/target/config/config.properties (No such file or directory)
2026-10-01T10:40:28.3565519Z [main] INFO widoco.WidocoUtils - Load ontology test/OSO_1_1_0.owl
2026-10-01T10:40:28.3566495Z [main] INFO widoco.CatalogIRIMapper - Creating JenaCatalogIRIMapper
2026-10-01T10:40:28.3567526Z [main] INFO widoco.CatalogIRIMapper - Loading 3 inputstream:ontology43212001059
2026-10-01T10:40:28.3568765Z [main] INFO widoco.CatalogIRIMapper - Loaded ont-policy ontology
2026-10-01T10:40:28.3570535Z [main] INFO widoco.CatalogIRIMapper - http://www.w3.org/2000/01/rdf-schema -> file:///test/lib/ontologies/w3c/rdf-schema.rdf
2026-10-01T10:40:28.3574166Z [main] INFO widoco.CatalogIRIMapper - http://www.w3.org/2002/07/owl -> file:///test/lib/ontologies/w3c/owl.owl
2026-10-01T10:40:28.3584076Z [main] INFO org.semanticweb.owlapi.rdf.rdfxml.parser.AbstractState - Notice: root element does not have an xml:base. Relative IRIs will be resolved against file:/home/runner/work/Widoco/Widoco/test/OSO_1_1_0.owl
2026-10-01T10:40:28.5544691Z [main] INFO org.semanticweb.owlapi.io.DocumentSources - URL connection input stream is compressed using gzip
2026-10-01T10:40:28.5565018Z [main] INFO org.semanticweb.owlapi.rdf.rdfxml.parser.TripleHandlers - Usage of rdf vocabulary: http://www.w3.org/2004/02/skos/core#inScheme -> http://www.w3.org/1999/02/22-rdf-syntax-ns#type -> http://www.w3.org/1999/02/22-rdf-syntax-ns#Property
2026-10-01T10:40:28.5568957Z [main] INFO org.semanticweb.owlapi.rdf.rdfxml.parser.TripleHandlers - Usage of rdf vocabulary: http://www.w3.org/2004/02/skos/core#hasTopConcept -> http://www.w3.org/1999/02/22-rdf-syntax-ns#type -> http://www.w3.org/1999/02/22-rdf-syntax-ns#Property
2026-10-01T10:40:28.5572603Z [main] INFO org.semanticweb.owlapi.rdf.rdfxml.parser.TripleHandlers - Usage of rdf vocabulary: http://www.w3.org/2004/02/skos/core#topConceptOf -> http://www.w3.org/1999/02/22-rdf-syntax-ns#type -> http://www.w3.org/1999/02/22-rdf-syntax-ns#Property
2026-10-01T10:40:28.5576137Z [main] INFO org.semanticweb.owlapi.rdf.rdfxml.parser.TripleHandlers - Usage of rdf vocabulary: http://www.w3.org/2004/02/skos/core#prefLabel -> http://www.w3.org/1999/02/22-rdf-syntax-ns#type -> http://www.w3.org/1999/02/22-rdf-syntax-ns#Property
2026-10-01T10:40:28.5579783Z [main] INFO org.semanticweb.owlapi.rdf.rdfxml.parser.TripleHandlers - Usage of rdf vocabulary: http://www.w3.org/2004/02/skos/core#altLabel -> http://www.w3.org/1999/02/22-rdf-syntax-ns#type -> http://www.w3.org/1999/02/22-rdf-syntax-ns#Property
2026-10-01T10:40:28.5583628Z [main] INFO org.semanticweb.owlapi.rdf.rdfxml.parser.TripleHandlers - Usage of rdf vocabulary: http://www.w3.org/2004/02/skos/core#hiddenLabel -> http://www.w3.org/1999/02/22-rdf-syntax-ns#type -> http://www.w3.org/1999/02/22-rdf-syntax-ns#Property
2026-10-01T10:40:28.5587586Z [main] INFO org.semanticweb.owlapi.rdf.rdfxml.parser.TripleHandlers - Usage of rdf vocabulary: http://www.w3.org/2004/02/skos/core#notation -> http://www.w3.org/1999/02/22-rdf-syntax-ns#type -> http://www.w3.org/1999/02/22-rdf-syntax-ns#Property
2026-10-01T10:40:28.5611667Z [main] INFO org.semanticweb.owlapi.rdf.rdfxml.parser.TripleHandlers - Usage of rdf vocabulary: http://www.w3.org/2004/02/skos/core#note -> http://www.w3.org/1999/02/22-rdf-syntax-ns#type -> http://www.w3.org/1999/02/22-rdf-syntax-ns#Property
2026-10-01T10:40:28.5615005Z [main] INFO org.semanticweb.owlapi.rdf.rdfxml.parser.TripleHandlers - Usage of rdf vocabulary: http://www.w3.org/2004/02/skos/core#changeNote -> http://www.w3.org/1999/02/22-rdf-syntax-ns#type -> http://www.w3.org/1999/02/22-rdf-syntax-ns#Property
2026-10-01T10:40:28.5618875Z [main] INFO org.semanticweb.owlapi.rdf.rdfxml.parser.TripleHandlers - Usage of rdf vocabulary: http://www.w3.org/2004/02/skos/core#definition -> http://www.w3.org/1999/02/22-rdf-syntax-ns#type -> http://www.w3.org/1999/02/22-rdf-syntax-ns#Property
2026-10-01T10:40:28.5622162Z [main] INFO org.semanticweb.owlapi.rdf.rdfxml.parser.TripleHandlers - Usage of rdf vocabulary: http://www.w3.org/2004/02/skos/core#editorialNote -> http://www.w3.org/1999/02/22-rdf-syntax-ns#type -> http://www.w3.org/1999/02/22-rdf-syntax-ns#Property
2026-10-01T10:40:28.5625348Z [main] INFO org.semanticweb.owlapi.rdf.rdfxml.parser.TripleHandlers - Usage of rdf vocabulary: http://www.w3.org/2004/02/skos/core#example -> http://www.w3.org/1999/02/22-rdf-syntax-ns#type -> http://www.w3.org/1999/02/22-rdf-syntax-ns#Property
2026-10-01T10:40:28.5628699Z [main] INFO org.semanticweb.owlapi.rdf.rdfxml.parser.TripleHandlers - Usage of rdf vocabulary: http://www.w3.org/2004/02/skos/core#historyNote -> http://www.w3.org/1999/02/22-rdf-syntax-ns#type -> http://www.w3.org/1999/02/22-rdf-syntax-ns#Property
2026-10-01T10:40:28.5632139Z [main] INFO org.semanticweb.owlapi.rdf.rdfxml.parser.TripleHandlers - Usage of rdf vocabulary: http://www.w3.org/2004/02/skos/core#scopeNote -> http://www.w3.org/1999/02/22-rdf-syntax-ns#type -> http://www.w3.org/1999/02/22-rdf-syntax-ns#Property
2026-10-01T10:40:28.5635417Z [main] INFO org.semanticweb.owlapi.rdf.rdfxml.parser.TripleHandlers - Usage of rdf vocabulary: http://www.w3.org/2004/02/skos/core#semanticRelation -> http://www.w3.org/1999/02/22-rdf-syntax-ns#type -> http://www.w3.org/1999/02/22-rdf-syntax-ns#Property
2026-10-01T10:40:28.5639056Z [main] INFO org.semanticweb.owlapi.rdf.rdfxml.parser.TripleHandlers - Usage of rdf vocabulary: http://www.w3.org/2004/02/skos/core#broader -> http://www.w3.org/1999/02/22-rdf-syntax-ns#type -> http://www.w3.org/1999/02/22-rdf-syntax-ns#Property
2026-10-01T10:40:28.5642272Z [main] INFO org.semanticweb.owlapi.rdf.rdfxml.parser.TripleHandlers - Usage of rdf vocabulary: http://www.w3.org/2004/02/skos/core#narrower -> http://www.w3.org/1999/02/22-rdf-syntax-ns#type -> http://www.w3.org/1999/02/22-rdf-syntax-ns#Property
2026-10-01T10:40:28.5645354Z [main] INFO org.semanticweb.owlapi.rdf.rdfxml.parser.TripleHandlers - Usage of rdf vocabulary: http://www.w3.org/2004/02/skos/core#related -> http://www.w3.org/1999/02/22-rdf-syntax-ns#type -> http://www.w3.org/1999/02/22-rdf-syntax-ns#Property
2026-10-01T10:40:28.5651841Z [main] INFO org.semanticweb.owlapi.rdf.rdfxml.parser.TripleHandlers - Usage of rdf vocabulary: http://www.w3.org/2004/02/skos/core#broaderTransitive -> http://www.w3.org/1999/02/22-rdf-syntax-ns#type -> http://www.w3.org/1999/02/22-rdf-syntax-ns#Property
2026-10-01T10:40:28.5655169Z [main] INFO org.semanticweb.owlapi.rdf.rdfxml.parser.TripleHandlers - Usage of rdf vocabulary: http://www.w3.org/2004/02/skos/core#narrowerTransitive -> http://www.w3.org/1999/02/22-rdf-syntax-ns#type -> http://www.w3.org/1999/02/22-rdf-syntax-ns#Property
2026-10-01T10:40:28.5667971Z [main] INFO org.semanticweb.owlapi.rdf.rdfxml.parser.TripleHandlers - Usage of rdf vocabulary: http://www.w3.org/2004/02/skos/core#member -> http://www.w3.org/1999/02/22-rdf-syntax-ns#type -> http://www.w3.org/1999/02/22-rdf-syntax-ns#Property
2026-10-01T10:40:28.5673383Z [main] INFO org.semanticweb.owlapi.rdf.rdfxml.parser.TripleHandlers - Usage of rdf vocabulary: http://www.w3.org/2004/02/skos/core#memberList -> http://www.w3.org/1999/02/22-rdf-syntax-ns#type -> http://www.w3.org/1999/02/22-rdf-syntax-ns#Property
2026-10-01T10:40:28.5676584Z [main] INFO org.semanticweb.owlapi.rdf.rdfxml.parser.TripleHandlers - Usage of rdf vocabulary: http://www.w3.org/2004/02/skos/core#mappingRelation -> http://www.w3.org/1999/02/22-rdf-syntax-ns#type -> http://www.w3.org/1999/02/22-rdf-syntax-ns#Property
2026-10-01T10:40:28.5680067Z [main] INFO org.semanticweb.owlapi.rdf.rdfxml.parser.TripleHandlers - Usage of rdf vocabulary: http://www.w3.org/2004/02/skos/core#broadMatch -> http://www.w3.org/1999/02/22-rdf-syntax-ns#type -> http://www.w3.org/1999/02/22-rdf-syntax-ns#Property
2026-10-01T10:40:28.5683264Z [main] INFO org.semanticweb.owlapi.rdf.rdfxml.parser.TripleHandlers - Usage of rdf vocabulary: http://www.w3.org/2004/02/skos/core#narrowMatch -> http://www.w3.org/1999/02/22-rdf-syntax-ns#type -> http://www.w3.org/1999/02/22-rdf-syntax-ns#Property
2026-10-01T10:40:28.5689292Z [main] INFO org.semanticweb.owlapi.rdf.rdfxml.parser.TripleHandlers - Usage of rdf vocabulary: http://www.w3.org/2004/02/skos/core#relatedMatch -> http://www.w3.org/1999/02/22-rdf-syntax-ns#type -> http://www.w3.org/1999/02/22-rdf-syntax-ns#Property
2026-10-01T10:40:28.5692547Z [main] INFO org.semanticweb.owlapi.rdf.rdfxml.parser.TripleHandlers - Usage of rdf vocabulary: http://www.w3.org/2004/02/skos/core#exactMatch -> http://www.w3.org/1999/02/22-rdf-syntax-ns#type -> http://www.w3.org/1999/02/22-rdf-syntax-ns#Property
2026-10-01T10:40:28.5695986Z [main] INFO org.semanticweb.owlapi.rdf.rdfxml.parser.TripleHandlers - Usage of rdf vocabulary: http://www.w3.org/2004/02/skos/core#closeMatch -> http://www.w3.org/1999/02/22-rdf-syntax-ns#type -> http://www.w3.org/1999/02/22-rdf-syntax-ns#Property
2026-10-01T10:40:28.5698950Z [main] INFO org.semanticweb.owlapi.rdf.rdfxml.parser.AbstractState - Notice: root element does not have an xml:base. Relative IRIs will be resolved against http://xmlns.com/foaf/0.1/
2026-10-01T10:40:28.5701708Z [main] INFO org.semanticweb.owlapi.rdf.rdfxml.parser.TripleHandlers - Usage of rdf vocabulary: http://xmlns.com/foaf/0.1/mbox -> http://www.w3.org/1999/02/22-rdf-syntax-ns#type -> http://www.w3.org/1999/02/22-rdf-syntax-ns#Property
2026-10-01T10:40:28.5704719Z [main] INFO org.semanticweb.owlapi.rdf.rdfxml.parser.TripleHandlers - Usage of rdf vocabulary: http://xmlns.com/foaf/0.1/mbox_sha1sum -> http://www.w3.org/1999/02/22-rdf-syntax-ns#type -> http://www.w3.org/1999/02/22-rdf-syntax-ns#Property
2026-10-01T10:40:28.5707746Z [main] INFO org.semanticweb.owlapi.rdf.rdfxml.parser.TripleHandlers - Usage of rdf vocabulary: http://xmlns.com/foaf/0.1/gender -> http://www.w3.org/1999/02/22-rdf-syntax-ns#type -> http://www.w3.org/1999/02/22-rdf-syntax-ns#Property
2026-10-01T10:40:28.5710933Z [main] INFO org.semanticweb.owlapi.rdf.rdfxml.parser.TripleHandlers - Usage of rdf vocabulary: http://xmlns.com/foaf/0.1/geekcode -> http://www.w3.org/1999/02/22-rdf-syntax-ns#type -> http://www.w3.org/1999/02/22-rdf-syntax-ns#Property
2026-10-01T10:40:28.5713964Z [main] INFO org.semanticweb.owlapi.rdf.rdfxml.parser.TripleHandlers - Usage of rdf vocabulary: http://xmlns.com/foaf/0.1/dnaChecksum -> http://www.w3.org/1999/02/22-rdf-syntax-ns#type -> http://www.w3.org/1999/02/22-rdf-syntax-ns#Property
2026-10-01T10:40:28.5716907Z [main] INFO org.semanticweb.owlapi.rdf.rdfxml.parser.TripleHandlers - Usage of rdf vocabulary: http://xmlns.com/foaf/0.1/sha1 -> http://www.w3.org/1999/02/22-rdf-syntax-ns#type -> http://www.w3.org/1999/02/22-rdf-syntax-ns#Property
2026-10-01T10:40:28.5720342Z [main] INFO org.semanticweb.owlapi.rdf.rdfxml.parser.TripleHandlers - Usage of rdf vocabulary: http://xmlns.com/foaf/0.1/based_near -> http://www.w3.org/1999/02/22-rdf-syntax-ns#type -> http://www.w3.org/1999/02/22-rdf-syntax-ns#Property
2026-10-01T10:40:28.5723345Z [main] INFO org.semanticweb.owlapi.rdf.rdfxml.parser.TripleHandlers - Usage of rdf vocabulary: http://xmlns.com/foaf/0.1/title -> http://www.w3.org/1999/02/22-rdf-syntax-ns#type -> http://www.w3.org/1999/02/22-rdf-syntax-ns#Property
2026-10-01T10:40:28.5726302Z [main] INFO org.semanticweb.owlapi.rdf.rdfxml.parser.TripleHandlers - Usage of rdf vocabulary: http://xmlns.com/foaf/0.1/nick -> http://www.w3.org/1999/02/22-rdf-syntax-ns#type -> http://www.w3.org/1999/02/22-rdf-syntax-ns#Property
2026-10-01T10:40:28.5729480Z [main] INFO org.semanticweb.owlapi.rdf.rdfxml.parser.TripleHandlers - Usage of rdf vocabulary: http://xmlns.com/foaf/0.1/jabberID -> http://www.w3.org/1999/02/22-rdf-syntax-ns#type -> http://www.w3.org/1999/02/22-rdf-syntax-ns#Property
2026-10-01T10:40:28.5732528Z [main] INFO org.semanticweb.owlapi.rdf.rdfxml.parser.TripleHandlers - Usage of rdf vocabulary: http://xmlns.com/foaf/0.1/aimChatID -> http://www.w3.org/1999/02/22-rdf-syntax-ns#type -> http://www.w3.org/1999/02/22-rdf-syntax-ns#Property
2026-10-01T10:40:28.5735536Z [main] INFO org.semanticweb.owlapi.rdf.rdfxml.parser.TripleHandlers - Usage of rdf vocabulary: http://xmlns.com/foaf/0.1/skypeID -> http://www.w3.org/1999/02/22-rdf-syntax-ns#type -> http://www.w3.org/1999/02/22-rdf-syntax-ns#Property
2026-10-01T10:40:28.5738712Z [main] INFO org.semanticweb.owlapi.rdf.rdfxml.parser.TripleHandlers - Usage of rdf vocabulary: http://xmlns.com/foaf/0.1/icqChatID -> http://www.w3.org/1999/02/22-rdf-syntax-ns#type -> http://www.w3.org/1999/02/22-rdf-syntax-ns#Property
2026-10-01T10:40:28.5741843Z [main] INFO org.semanticweb.owlapi.rdf.rdfxml.parser.TripleHandlers - Usage of rdf vocabulary: http://xmlns.com/foaf/0.1/yahooChatID -> http://www.w3.org/1999/02/22-rdf-syntax-ns#type -> http://www.w3.org/1999/02/22-rdf-syntax-ns#Property
2026-10-01T10:40:28.5745171Z [main] INFO org.semanticweb.owlapi.rdf.rdfxml.parser.TripleHandlers - Usage of rdf vocabulary: http://xmlns.com/foaf/0.1/msnChatID -> http://www.w3.org/1999/02/22-rdf-syntax-ns#type -> http://www.w3.org/1999/02/22-rdf-syntax-ns#Property
2026-10-01T10:40:28.5748201Z [main] INFO org.semanticweb.owlapi.rdf.rdfxml.parser.TripleHandlers - Usage of rdf vocabulary: http://xmlns.com/foaf/0.1/name -> http://www.w3.org/1999/02/22-rdf-syntax-ns#type -> http://www.w3.org/1999/02/22-rdf-syntax-ns#Property
2026-10-01T10:40:28.5751441Z [main] INFO org.semanticweb.owlapi.rdf.rdfxml.parser.TripleHandlers - Usage of rdf vocabulary: http://xmlns.com/foaf/0.1/firstName -> http://www.w3.org/1999/02/22-rdf-syntax-ns#type -> http://www.w3.org/1999/02/22-rdf-syntax-ns#Property
2026-10-01T10:40:28.5754472Z [main] INFO org.semanticweb.owlapi.rdf.rdfxml.parser.TripleHandlers - Usage of rdf vocabulary: http://xmlns.com/foaf/0.1/lastName -> http://www.w3.org/1999/02/22-rdf-syntax-ns#type -> http://www.w3.org/1999/02/22-rdf-syntax-ns#Property
2026-10-01T10:40:28.5757611Z [main] INFO org.semanticweb.owlapi.rdf.rdfxml.parser.TripleHandlers - Usage of rdf vocabulary: http://xmlns.com/foaf/0.1/givenName -> http://www.w3.org/1999/02/22-rdf-syntax-ns#type -> http://www.w3.org/1999/02/22-rdf-syntax-ns#Property
2026-10-01T10:40:28.5761186Z [main] INFO org.semanticweb.owlapi.rdf.rdfxml.parser.TripleHandlers - Usage of rdf vocabulary: http://xmlns.com/foaf/0.1/givenname -> http://www.w3.org/1999/02/22-rdf-syntax-ns#type -> http://www.w3.org/1999/02/22-rdf-syntax-ns#Property
2026-10-01T10:40:28.5764189Z [main] INFO org.semanticweb.owlapi.rdf.rdfxml.parser.TripleHandlers - Usage of rdf vocabulary: http://xmlns.com/foaf/0.1/surname -> http://www.w3.org/1999/02/22-rdf-syntax-ns#type -> http://www.w3.org/1999/02/22-rdf-syntax-ns#Property
2026-10-01T10:40:28.5767380Z [main] INFO org.semanticweb.owlapi.rdf.rdfxml.parser.TripleHandlers - Usage of rdf vocabulary: http://xmlns.com/foaf/0.1/family_name -> http://www.w3.org/1999/02/22-rdf-syntax-ns#type -> http://www.w3.org/1999/02/22-rdf-syntax-ns#Property
2026-10-01T10:40:28.5770641Z [main] INFO org.semanticweb.owlapi.rdf.rdfxml.parser.TripleHandlers - Usage of rdf vocabulary: http://xmlns.com/foaf/0.1/familyName -> http://www.w3.org/1999/02/22-rdf-syntax-ns#type -> http://www.w3.org/1999/02/22-rdf-syntax-ns#Property
2026-10-01T10:40:28.5773645Z [main] INFO org.semanticweb.owlapi.rdf.rdfxml.parser.TripleHandlers - Usage of rdf vocabulary: http://xmlns.com/foaf/0.1/phone -> http://www.w3.org/1999/02/22-rdf-syntax-ns#type -> http://www.w3.org/1999/02/22-rdf-syntax-ns#Property
2026-10-01T10:40:28.5776621Z [main] INFO org.semanticweb.owlapi.rdf.rdfxml.parser.TripleHandlers - Usage of rdf vocabulary: http://xmlns.com/foaf/0.1/homepage -> http://www.w3.org/1999/02/22-rdf-syntax-ns#type -> http://www.w3.org/1999/02/22-rdf-syntax-ns#Property
2026-10-01T10:40:28.5779798Z [main] INFO org.semanticweb.owlapi.rdf.rdfxml.parser.TripleHandlers - Usage of rdf vocabulary: http://xmlns.com/foaf/0.1/weblog -> http://www.w3.org/1999/02/22-rdf-syntax-ns#type -> http://www.w3.org/1999/02/22-rdf-syntax-ns#Property
2026-10-01T10:40:28.5782770Z [main] INFO org.semanticweb.owlapi.rdf.rdfxml.parser.TripleHandlers - Usage of rdf vocabulary: http://xmlns.com/foaf/0.1/openid -> http://www.w3.org/1999/02/22-rdf-syntax-ns#type -> http://www.w3.org/1999/02/22-rdf-syntax-ns#Property
2026-10-01T10:40:28.5785737Z [main] INFO org.semanticweb.owlapi.rdf.rdfxml.parser.TripleHandlers - Usage of rdf vocabulary: http://xmlns.com/foaf/0.1/tipjar -> http://www.w3.org/1999/02/22-rdf-syntax-ns#type -> http://www.w3.org/1999/02/22-rdf-syntax-ns#Property
2026-10-01T10:40:28.5788869Z [main] INFO org.semanticweb.owlapi.rdf.rdfxml.parser.TripleHandlers - Usage of rdf vocabulary: http://xmlns.com/foaf/0.1/plan -> http://www.w3.org/1999/02/22-rdf-syntax-ns#type -> http://www.w3.org/1999/02/22-rdf-syntax-ns#Property
2026-10-01T10:40:28.5791820Z [main] INFO org.semanticweb.owlapi.rdf.rdfxml.parser.TripleHandlers - Usage of rdf vocabulary: http://xmlns.com/foaf/0.1/made -> http://www.w3.org/1999/02/22-rdf-syntax-ns#type -> http://www.w3.org/1999/02/22-rdf-syntax-ns#Property
2026-10-01T10:40:28.5795100Z [main] INFO org.semanticweb.owlapi.rdf.rdfxml.parser.TripleHandlers - Usage of rdf vocabulary: http://xmlns.com/foaf/0.1/maker -> http://www.w3.org/1999/02/22-rdf-syntax-ns#type -> http://www.w3.org/1999/02/22-rdf-syntax-ns#Property
2026-10-01T10:40:28.5798077Z [main] INFO org.semanticweb.owlapi.rdf.rdfxml.parser.TripleHandlers - Usage of rdf vocabulary: http://xmlns.com/foaf/0.1/img -> http://www.w3.org/1999/02/22-rdf-syntax-ns#type -> http://www.w3.org/1999/02/22-rdf-syntax-ns#Property
2026-10-01T10:40:28.5801323Z [main] INFO org.semanticweb.owlapi.rdf.rdfxml.parser.TripleHandlers - Usage of rdf vocabulary: http://xmlns.com/foaf/0.1/depiction -> http://www.w3.org/1999/02/22-rdf-syntax-ns#type -> http://www.w3.org/1999/02/22-rdf-syntax-ns#Property
2026-10-01T10:40:28.5805328Z [main] INFO org.semanticweb.owlapi.rdf.rdfxml.parser.TripleHandlers - Usage of rdf vocabulary: http://xmlns.com/foaf/0.1/depicts -> http://www.w3.org/1999/02/22-rdf-syntax-ns#type -> http://www.w3.org/1999/02/22-rdf-syntax-ns#Property
2026-10-01T10:40:28.5813412Z [main] INFO org.semanticweb.owlapi.rdf.rdfxml.parser.TripleHandlers - Usage of rdf vocabulary: http://xmlns.com/foaf/0.1/thumbnail -> http://www.w3.org/1999/02/22-rdf-syntax-ns#type -> http://www.w3.org/1999/02/22-rdf-syntax-ns#Property
2026-10-01T10:40:28.5832621Z [main] INFO org.semanticweb.owlapi.rdf.rdfxml.parser.TripleHandlers - Usage of rdf vocabulary: http://xmlns.com/foaf/0.1/myersBriggs -> http://www.w3.org/1999/02/22-rdf-syntax-ns#type -> http://www.w3.org/1999/02/22-rdf-syntax-ns#Property
2026-10-01T10:40:28.5837673Z [main] INFO org.semanticweb.owlapi.rdf.rdfxml.parser.TripleHandlers - Usage of rdf vocabulary: http://xmlns.com/foaf/0.1/workplaceHomepage -> http://www.w3.org/1999/02/22-rdf-syntax-ns#type -> http://www.w3.org/1999/02/22-rdf-syntax-ns#Property
2026-10-01T10:40:28.5841387Z [main] INFO org.semanticweb.owlapi.rdf.rdfxml.parser.TripleHandlers - Usage of rdf vocabulary: http://xmlns.com/foaf/0.1/workInfoHomepage -> http://www.w3.org/1999/02/22-rdf-syntax-ns#type -> http://www.w3.org/1999/02/22-rdf-syntax-ns#Property
2026-10-01T10:40:28.5844607Z [main] INFO org.semanticweb.owlapi.rdf.rdfxml.parser.TripleHandlers - Usage of rdf vocabulary: http://xmlns.com/foaf/0.1/schoolHomepage -> http://www.w3.org/1999/02/22-rdf-syntax-ns#type -> http://www.w3.org/1999/02/22-rdf-syntax-ns#Property
2026-10-01T10:40:28.5847629Z [main] INFO org.semanticweb.owlapi.rdf.rdfxml.parser.TripleHandlers - Usage of rdf vocabulary: http://xmlns.com/foaf/0.1/knows -> http://www.w3.org/1999/02/22-rdf-syntax-ns#type -> http://www.w3.org/1999/02/22-rdf-syntax-ns#Property
2026-10-01T10:40:28.5860137Z [main] INFO org.semanticweb.owlapi.rdf.rdfxml.parser.TripleHandlers - Usage of rdf vocabulary: http://xmlns.com/foaf/0.1/interest -> http://www.w3.org/1999/02/22-rdf-syntax-ns#type -> http://www.w3.org/1999/02/22-rdf-syntax-ns#Property
2026-10-01T10:40:28.5864482Z [main] INFO org.semanticweb.owlapi.rdf.rdfxml.parser.TripleHandlers - Usage of rdf vocabulary: http://xmlns.com/foaf/0.1/topic_interest -> http://www.w3.org/1999/02/22-rdf-syntax-ns#type -> http://www.w3.org/1999/02/22-rdf-syntax-ns#Property
2026-10-01T10:40:28.5869856Z [main] INFO org.semanticweb.owlapi.rdf.rdfxml.parser.TripleHandlers - Usage of rdf vocabulary: http://xmlns.com/foaf/0.1/publications -> http://www.w3.org/1999/02/22-rdf-syntax-ns#type -> http://www.w3.org/1999/02/22-rdf-syntax-ns#Property
2026-10-01T10:40:28.5877670Z [main] INFO org.semanticweb.owlapi.rdf.rdfxml.parser.TripleHandlers - Usage of rdf vocabulary: http://xmlns.com/foaf/0.1/currentProject -> http://www.w3.org/1999/02/22-rdf-syntax-ns#type -> http://www.w3.org/1999/02/22-rdf-syntax-ns#Property
2026-10-01T10:40:28.5889900Z [main] INFO org.semanticweb.owlapi.rdf.rdfxml.parser.TripleHandlers - Usage of rdf vocabulary: http://xmlns.com/foaf/0.1/pastProject -> http://www.w3.org/1999/02/22-rdf-syntax-ns#type -> http://www.w3.org/1999/02/22-rdf-syntax-ns#Property
2026-10-01T10:40:28.5901575Z [main] INFO org.semanticweb.owlapi.rdf.rdfxml.parser.TripleHandlers - Usage of rdf vocabulary: http://xmlns.com/foaf/0.1/fundedBy -> http://www.w3.org/1999/02/22-rdf-syntax-ns#type -> http://www.w3.org/1999/02/22-rdf-syntax-ns#Property
2026-10-01T10:40:28.5911146Z [main] INFO org.semanticweb.owlapi.rdf.rdfxml.parser.TripleHandlers - Usage of rdf vocabulary: http://xmlns.com/foaf/0.1/logo -> http://www.w3.org/1999/02/22-rdf-syntax-ns#type -> http://www.w3.org/1999/02/22-rdf-syntax-ns#Property
2026-10-01T10:40:28.5914139Z [main] INFO org.semanticweb.owlapi.rdf.rdfxml.parser.TripleHandlers - Usage of rdf vocabulary: http://xmlns.com/foaf/0.1/topic -> http://www.w3.org/1999/02/22-rdf-syntax-ns#type -> http://www.w3.org/1999/02/22-rdf-syntax-ns#Property
2026-10-01T10:40:28.5917169Z [main] INFO org.semanticweb.owlapi.rdf.rdfxml.parser.TripleHandlers - Usage of rdf vocabulary: http://xmlns.com/foaf/0.1/primaryTopic -> http://www.w3.org/1999/02/22-rdf-syntax-ns#type -> http://www.w3.org/1999/02/22-rdf-syntax-ns#Property
2026-10-01T10:40:28.5928768Z [main] INFO org.semanticweb.owlapi.rdf.rdfxml.parser.TripleHandlers - Usage of rdf vocabulary: http://xmlns.com/foaf/0.1/focus -> http://www.w3.org/1999/02/22-rdf-syntax-ns#type -> http://www.w3.org/1999/02/22-rdf-syntax-ns#Property
2026-10-01T10:40:28.5933883Z [main] INFO org.semanticweb.owlapi.rdf.rdfxml.parser.TripleHandlers - Usage of rdf vocabulary: http://xmlns.com/foaf/0.1/isPrimaryTopicOf -> http://www.w3.org/1999/02/22-rdf-syntax-ns#type -> http://www.w3.org/1999/02/22-rdf-syntax-ns#Property
2026-10-01T10:40:28.5939119Z [main] INFO org.semanticweb.owlapi.rdf.rdfxml.parser.TripleHandlers - Usage of rdf vocabulary: http://xmlns.com/foaf/0.1/page -> http://www.w3.org/1999/02/22-rdf-syntax-ns#type -> http://www.w3.org/1999/02/22-rdf-syntax-ns#Property
2026-10-01T10:40:28.5944012Z [main] INFO org.semanticweb.owlapi.rdf.rdfxml.parser.TripleHandlers - Usage of rdf vocabulary: http://xmlns.com/foaf/0.1/theme -> http://www.w3.org/1999/02/22-rdf-syntax-ns#type -> http://www.w3.org/1999/02/22-rdf-syntax-ns#Property
2026-10-01T10:40:28.5948749Z [main] INFO org.semanticweb.owlapi.rdf.rdfxml.parser.TripleHandlers - Usage of rdf vocabulary: http://xmlns.com/foaf/0.1/account -> http://www.w3.org/1999/02/22-rdf-syntax-ns#type -> http://www.w3.org/1999/02/22-rdf-syntax-ns#Property
2026-10-01T10:40:28.5952621Z [main] INFO org.semanticweb.owlapi.rdf.rdfxml.parser.TripleHandlers - Usage of rdf vocabulary: http://xmlns.com/foaf/0.1/holdsAccount -> http://www.w3.org/1999/02/22-rdf-syntax-ns#type -> http://www.w3.org/1999/02/22-rdf-syntax-ns#Property
2026-10-01T10:40:28.5957240Z [main] INFO org.semanticweb.owlapi.rdf.rdfxml.parser.TripleHandlers - Usage of rdf vocabulary: http://xmlns.com/foaf/0.1/accountServiceHomepage -> http://www.w3.org/1999/02/22-rdf-syntax-ns#type -> http://www.w3.org/1999/02/22-rdf-syntax-ns#Property
2026-10-01T10:40:28.5962180Z [main] INFO org.semanticweb.owlapi.rdf.rdfxml.parser.TripleHandlers - Usage of rdf vocabulary: http://xmlns.com/foaf/0.1/accountName -> http://www.w3.org/1999/02/22-rdf-syntax-ns#type -> http://www.w3.org/1999/02/22-rdf-syntax-ns#Property
2026-10-01T10:40:28.5966784Z [main] INFO org.semanticweb.owlapi.rdf.rdfxml.parser.TripleHandlers - Usage of rdf vocabulary: http://xmlns.com/foaf/0.1/member -> http://www.w3.org/1999/02/22-rdf-syntax-ns#type -> http://www.w3.org/1999/02/22-rdf-syntax-ns#Property
2026-10-01T10:40:28.5972509Z [main] INFO org.semanticweb.owlapi.rdf.rdfxml.parser.TripleHandlers - Usage of rdf vocabulary: http://xmlns.com/foaf/0.1/membershipClass -> http://www.w3.org/1999/02/22-rdf-syntax-ns#type -> http://www.w3.org/1999/02/22-rdf-syntax-ns#Property
2026-10-01T10:40:28.5976494Z [main] INFO org.semanticweb.owlapi.rdf.rdfxml.parser.TripleHandlers - Usage of rdf vocabulary: http://xmlns.com/foaf/0.1/birthday -> http://www.w3.org/1999/02/22-rdf-syntax-ns#type -> http://www.w3.org/1999/02/22-rdf-syntax-ns#Property
2026-10-01T10:40:28.5981310Z [main] INFO org.semanticweb.owlapi.rdf.rdfxml.parser.TripleHandlers - Usage of rdf vocabulary: http://xmlns.com/foaf/0.1/age -> http://www.w3.org/1999/02/22-rdf-syntax-ns#type -> http://www.w3.org/1999/02/22-rdf-syntax-ns#Property
2026-10-01T10:40:28.5985259Z [main] INFO org.semanticweb.owlapi.rdf.rdfxml.parser.TripleHandlers - Usage of rdf vocabulary: http://xmlns.com/foaf/0.1/status -> http://www.w3.org/1999/02/22-rdf-syntax-ns#type -> http://www.w3.org/1999/02/22-rdf-syntax-ns#Property
2026-10-01T10:40:28.5989674Z [main] INFO org.semanticweb.owlapi.rdf.rdfxml.parser.OWLRDFConsumer - Unparsed triple: http://www.w3.org/2002/07/owl#equivalentProperty -> http://xmlns.com/foaf/0.1/maker -> http://purl.org/dc/terms/creator
2026-10-01T10:40:28.5993157Z [main] WARN uk.ac.manchester.cs.owl.owlapi.OWLOntologyManagerImpl - Illegal redeclarations of entities: reuse of entity http://xmlns.com/foaf/0.1/aimChatID in punning not allowed [Declaration(ObjectProperty(<http://xmlns.com/foaf/0.1/aimChatID>)), Declaration(DataProperty(<http://xmlns.com/foaf/0.1/aimChatID>))]
2026-10-01T10:40:28.5997281Z [main] WARN uk.ac.manchester.cs.owl.owlapi.OWLOntologyManagerImpl - Illegal redeclarations of entities: reuse of entity http://xmlns.com/foaf/0.1/icqChatID in punning not allowed [Declaration(ObjectProperty(<http://xmlns.com/foaf/0.1/icqChatID>)), Declaration(DataProperty(<http://xmlns.com/foaf/0.1/icqChatID>))]
2026-10-01T10:40:28.6001677Z [main] WARN uk.ac.manchester.cs.owl.owlapi.OWLOntologyManagerImpl - Illegal redeclarations of entities: reuse of entity http://xmlns.com/foaf/0.1/mbox_sha1sum in punning not allowed [Declaration(DataProperty(<http://xmlns.com/foaf/0.1/mbox_sha1sum>)), Declaration(ObjectProperty(<http://xmlns.com/foaf/0.1/mbox_sha1sum>))]
2026-10-01T10:40:28.6005836Z [main] WARN uk.ac.manchester.cs.owl.owlapi.OWLOntologyManagerImpl - Illegal redeclarations of entities: reuse of entity http://xmlns.com/foaf/0.1/jabberID in punning not allowed [Declaration(DataProperty(<http://xmlns.com/foaf/0.1/jabberID>)), Declaration(ObjectProperty(<http://xmlns.com/foaf/0.1/jabberID>))]
2026-10-01T10:40:28.6010289Z [main] WARN uk.ac.manchester.cs.owl.owlapi.OWLOntologyManagerImpl - Illegal redeclarations of entities: reuse of entity http://xmlns.com/foaf/0.1/msnChatID in punning not allowed [Declaration(DataProperty(<http://xmlns.com/foaf/0.1/msnChatID>)), Declaration(ObjectProperty(<http://xmlns.com/foaf/0.1/msnChatID>))]
2026-10-01T10:40:28.6014471Z [main] WARN uk.ac.manchester.cs.owl.owlapi.OWLOntologyManagerImpl - Illegal redeclarations of entities: reuse of entity http://xmlns.com/foaf/0.1/yahooChatID in punning not allowed [Declaration(ObjectProperty(<http://xmlns.com/foaf/0.1/yahooChatID>)), Declaration(DataProperty(<http://xmlns.com/foaf/0.1/yahooChatID>))]
2026-10-01T10:40:28.6027088Z [main] WARN org.semanticweb.owlapi.util.OWLAnnotationPropertyTransformer - Annotation property range axiom turned to data property range after parsing. This could introduce errors if the original range was an anonymous expression: http://www.w3.org/2000/01/rdf-schema#Literal is the new domain.
2026-10-01T10:40:28.6030940Z [main] INFO org.semanticweb.owlapi.io.DocumentSources - URL connection input stream is compressed using gzip
2026-10-01T10:40:28.6035669Z [main] WARN uk.ac.manchester.cs.owl.owlapi.OWLOntologyManagerImpl - Illegal redeclarations of entities: reuse of entity http://www.w3.org/ns/prov#wasRevisionOf in punning not allowed [Declaration(ObjectProperty(<http://www.w3.org/ns/prov#wasRevisionOf>)), Declaration(AnnotationProperty(<http://www.w3.org/ns/prov#wasRevisionOf>))]
2026-10-01T10:40:28.6042169Z [main] WARN uk.ac.manchester.cs.owl.owlapi.OWLOntologyManagerImpl - Illegal redeclarations of entities: reuse of entity http://www.w3.org/ns/prov#specializationOf in punning not allowed [Declaration(ObjectProperty(<http://www.w3.org/ns/prov#specializationOf>)), Declaration(AnnotationProperty(<http://www.w3.org/ns/prov#specializationOf>))]
2026-10-01T10:40:28.6548335Z [main] INFO org.semanticweb.owlapi.io.DocumentSources - URL connection input stream is compressed using gzip
2026-10-01T10:40:28.6564322Z [main] INFO org.semanticweb.owlapi.rdf.rdfxml.parser.AbstractState - Notice: root element does not have an xml:base. Relative IRIs will be resolved against http://www.w3.org/2003/01/geo/wgs84_pos
2026-10-01T10:40:28.6568182Z [main] INFO org.semanticweb.owlapi.rdf.rdfxml.parser.TripleHandlers - Usage of rdf vocabulary: http://www.w3.org/2003/01/geo/wgs84_pos#lat -> http://www.w3.org/1999/02/22-rdf-syntax-ns#type -> http://www.w3.org/1999/02/22-rdf-syntax-ns#Property
2026-10-01T10:40:28.6573038Z [main] INFO org.semanticweb.owlapi.rdf.rdfxml.parser.TripleHandlers - Usage of rdf vocabulary: http://www.w3.org/2003/01/geo/wgs84_pos#location -> http://www.w3.org/1999/02/22-rdf-syntax-ns#type -> http://www.w3.org/1999/02/22-rdf-syntax-ns#Property
2026-10-01T10:40:28.6577087Z [main] INFO org.semanticweb.owlapi.rdf.rdfxml.parser.TripleHandlers - Usage of rdf vocabulary: http://www.w3.org/2003/01/geo/wgs84_pos#long -> http://www.w3.org/1999/02/22-rdf-syntax-ns#type -> http://www.w3.org/1999/02/22-rdf-syntax-ns#Property
2026-10-01T10:40:28.6581440Z [main] INFO org.semanticweb.owlapi.rdf.rdfxml.parser.TripleHandlers - Usage of rdf vocabulary: http://www.w3.org/2003/01/geo/wgs84_pos#alt -> http://www.w3.org/1999/02/22-rdf-syntax-ns#type -> http://www.w3.org/1999/02/22-rdf-syntax-ns#Property
2026-10-01T10:40:28.6585618Z [main] INFO org.semanticweb.owlapi.rdf.rdfxml.parser.TripleHandlers - Usage of rdf vocabulary: http://www.w3.org/2003/01/geo/wgs84_pos#lat_long -> http://www.w3.org/1999/02/22-rdf-syntax-ns#type -> http://www.w3.org/1999/02/22-rdf-syntax-ns#Property
2026-10-01T10:40:28.8365464Z [main] WARN uk.ac.manchester.cs.owl.owlapi.OWLOntologyManagerImpl - Illegal redeclarations of entities: reuse of entity http://xmlns.com/foaf/0.1/aimChatID in punning not allowed [Declaration(ObjectProperty(<http://xmlns.com/foaf/0.1/aimChatID>)), Declaration(DataProperty(<http://xmlns.com/foaf/0.1/aimChatID>))]
2026-10-01T10:40:28.8380002Z [main] WARN uk.ac.manchester.cs.owl.owlapi.OWLOntologyManagerImpl - Illegal redeclarations of entities: reuse of entity http://xmlns.com/foaf/0.1/icqChatID in punning not allowed [Declaration(ObjectProperty(<http://xmlns.com/foaf/0.1/icqChatID>)), Declaration(DataProperty(<http://xmlns.com/foaf/0.1/icqChatID>))]
2026-10-01T10:40:28.8384842Z [main] WARN uk.ac.manchester.cs.owl.owlapi.OWLOntologyManagerImpl - Illegal redeclarations of entities: reuse of entity http://www.w3.org/ns/prov#wasRevisionOf in punning not allowed [Declaration(ObjectProperty(<http://www.w3.org/ns/prov#wasRevisionOf>)), Declaration(AnnotationProperty(<http://www.w3.org/ns/prov#wasRevisionOf>))]
2026-10-01T10:40:28.8389749Z [main] WARN uk.ac.manchester.cs.owl.owlapi.OWLOntologyManagerImpl - Illegal redeclarations of entities: reuse of entity http://xmlns.com/foaf/0.1/mbox_sha1sum in punning not allowed [Declaration(DataProperty(<http://xmlns.com/foaf/0.1/mbox_sha1sum>)), Declaration(ObjectProperty(<http://xmlns.com/foaf/0.1/mbox_sha1sum>))]
2026-10-01T10:40:28.8394464Z [main] WARN uk.ac.manchester.cs.owl.owlapi.OWLOntologyManagerImpl - Illegal redeclarations of entities: reuse of entity http://www.w3.org/ns/prov#specializationOf in punning not allowed [Declaration(ObjectProperty(<http://www.w3.org/ns/prov#specializationOf>)), Declaration(AnnotationProperty(<http://www.w3.org/ns/prov#specializationOf>))]
2026-10-01T10:40:28.8399138Z [main] WARN uk.ac.manchester.cs.owl.owlapi.OWLOntologyManagerImpl - Illegal redeclarations of entities: reuse of entity http://xmlns.com/foaf/0.1/msnChatID in punning not allowed [Declaration(DataProperty(<http://xmlns.com/foaf/0.1/msnChatID>)), Declaration(ObjectProperty(<http://xmlns.com/foaf/0.1/msnChatID>))]
2026-10-01T10:40:28.8418355Z [main] WARN uk.ac.manchester.cs.owl.owlapi.OWLOntologyManagerImpl - Illegal redeclarations of entities: reuse of entity http://xmlns.com/foaf/0.1/jabberID in punning not allowed [Declaration(DataProperty(<http://xmlns.com/foaf/0.1/jabberID>)), Declaration(ObjectProperty(<http://xmlns.com/foaf/0.1/jabberID>))]
2026-10-01T10:40:28.8423515Z [main] WARN uk.ac.manchester.cs.owl.owlapi.OWLOntologyManagerImpl - Illegal redeclarations of entities: reuse of entity http://xmlns.com/foaf/0.1/yahooChatID in punning not allowed [Declaration(ObjectProperty(<http://xmlns.com/foaf/0.1/yahooChatID>)), Declaration(DataProperty(<http://xmlns.com/foaf/0.1/yahooChatID>))]
2026-10-01T10:40:28.8426376Z [main] ERROR widoco.Configuration - Error while getting ontology revision. No literal provided
2026-10-01T10:40:28.8555134Z [main] INFO widoco.WidocoUtils - Copying resource folder from lode to tmp1790851228836
2026-10-01T10:40:28.8565587Z [main] WARN widoco.Configuration - Error while reading configuration properties from [/home/runner/work/Widoco/Widoco/target/config/config.properties]: /home/runner/work/Widoco/Widoco/target/config/config.properties (No such file or directory)
2026-10-01T10:40:28.8570166Z [main] WARN widoco.Configuration - Error while loading the default property file: /home/runner/work/Widoco/Widoco/target/config/config.properties (No such file or directory)
2026-10-01T10:40:28.8572271Z [main] INFO widoco.WidocoUtils - Load ontology test/OSO_1_1_0.owl
2026-10-01T10:40:28.8574188Z [main] INFO widoco.CatalogIRIMapper - Creating JenaCatalogIRIMapper
2026-10-01T10:40:28.8575906Z [main] INFO widoco.CatalogIRIMapper - Loading 3 inputstream:ontology43212001060
2026-10-01T10:40:28.8577038Z [main] INFO widoco.CatalogIRIMapper - Loaded ont-policy ontology
2026-10-01T10:40:28.8579306Z [main] INFO widoco.CatalogIRIMapper - http://www.w3.org/2000/01/rdf-schema -> file:///test/lib/ontologies/w3c/rdf-schema.rdf
2026-10-01T10:40:28.8581579Z [main] INFO widoco.CatalogIRIMapper - http://www.w3.org/2002/07/owl -> file:///test/lib/ontologies/w3c/owl.owl
2026-10-01T10:40:28.9555293Z [main] INFO org.semanticweb.owlapi.rdf.rdfxml.parser.AbstractState - Notice: root element does not have an xml:base. Relative IRIs will be resolved against file:/home/runner/work/Widoco/Widoco/test/OSO_1_1_0.owl
2026-10-01T10:40:28.9589996Z [main] INFO org.semanticweb.owlapi.io.DocumentSources - URL connection input stream is compressed using gzip
2026-10-01T10:40:28.9593076Z [main] INFO org.semanticweb.owlapi.rdf.rdfxml.parser.TripleHandlers - Usage of rdf vocabulary: http://www.w3.org/2004/02/skos/core#inScheme -> http://www.w3.org/1999/02/22-rdf-syntax-ns#type -> http://www.w3.org/1999/02/22-rdf-syntax-ns#Property
2026-10-01T10:40:28.9601335Z [main] INFO org.semanticweb.owlapi.rdf.rdfxml.parser.TripleHandlers - Usage of rdf vocabulary: http://www.w3.org/2004/02/skos/core#hasTopConcept -> http://www.w3.org/1999/02/22-rdf-syntax-ns#type -> http://www.w3.org/1999/02/22-rdf-syntax-ns#Property
2026-10-01T10:40:28.9604660Z [main] INFO org.semanticweb.owlapi.rdf.rdfxml.parser.TripleHandlers - Usage of rdf vocabulary: http://www.w3.org/2004/02/skos/core#topConceptOf -> http://www.w3.org/1999/02/22-rdf-syntax-ns#type -> http://www.w3.org/1999/02/22-rdf-syntax-ns#Property
2026-10-01T10:40:28.9607890Z [main] INFO org.semanticweb.owlapi.rdf.rdfxml.parser.TripleHandlers - Usage of rdf vocabulary: http://www.w3.org/2004/02/skos/core#prefLabel -> http://www.w3.org/1999/02/22-rdf-syntax-ns#type -> http://www.w3.org/1999/02/22-rdf-syntax-ns#Property
2026-10-01T10:40:28.9611548Z [main] INFO org.semanticweb.owlapi.rdf.rdfxml.parser.TripleHandlers - Usage of rdf vocabulary: http://www.w3.org/2004/02/skos/core#altLabel -> http://www.w3.org/1999/02/22-rdf-syntax-ns#type -> http://www.w3.org/1999/02/22-rdf-syntax-ns#Property
2026-10-01T10:40:28.9614597Z [main] INFO org.semanticweb.owlapi.rdf.rdfxml.parser.TripleHandlers - Usage of rdf vocabulary: http://www.w3.org/2004/02/skos/core#hiddenLabel -> http://www.w3.org/1999/02/22-rdf-syntax-ns#type -> http://www.w3.org/1999/02/22-rdf-syntax-ns#Property
2026-10-01T10:40:28.9617667Z [main] INFO org.semanticweb.owlapi.rdf.rdfxml.parser.TripleHandlers - Usage of rdf vocabulary: http://www.w3.org/2004/02/skos/core#notation -> http://www.w3.org/1999/02/22-rdf-syntax-ns#type -> http://www.w3.org/1999/02/22-rdf-syntax-ns#Property
2026-10-01T10:40:28.9622134Z [main] INFO org.semanticweb.owlapi.rdf.rdfxml.parser.TripleHandlers - Usage of rdf vocabulary: http://www.w3.org/2004/02/skos/core#note -> http://www.w3.org/1999/02/22-rdf-syntax-ns#type -> http://www.w3.org/1999/02/22-rdf-syntax-ns#Property
2026-10-01T10:40:28.9625613Z [main] INFO org.semanticweb.owlapi.rdf.rdfxml.parser.TripleHandlers - Usage of rdf vocabulary: http://www.w3.org/2004/02/skos/core#changeNote -> http://www.w3.org/1999/02/22-rdf-syntax-ns#type -> http://www.w3.org/1999/02/22-rdf-syntax-ns#Property
2026-10-01T10:40:28.9629017Z [main] INFO org.semanticweb.owlapi.rdf.rdfxml.parser.TripleHandlers - Usage of rdf vocabulary: http://www.w3.org/2004/02/skos/core#definition -> http://www.w3.org/1999/02/22-rdf-syntax-ns#type -> http://www.w3.org/1999/02/22-rdf-syntax-ns#Property
2026-10-01T10:40:28.9631897Z [main] INFO org.semanticweb.owlapi.rdf.rdfxml.parser.TripleHandlers - Usage of rdf vocabulary: http://www.w3.org/2004/02/skos/core#editorialNote -> http://www.w3.org/1999/02/22-rdf-syntax-ns#type -> http://www.w3.org/1999/02/22-rdf-syntax-ns#Property
2026-10-01T10:40:28.9635193Z [main] INFO org.semanticweb.owlapi.rdf.rdfxml.parser.TripleHandlers - Usage of rdf vocabulary: http://www.w3.org/2004/02/skos/core#example -> http://www.w3.org/1999/02/22-rdf-syntax-ns#type -> http://www.w3.org/1999/02/22-rdf-syntax-ns#Property
2026-10-01T10:40:28.9638340Z [main] INFO org.semanticweb.owlapi.rdf.rdfxml.parser.TripleHandlers - Usage of rdf vocabulary: http://www.w3.org/2004/02/skos/core#historyNote -> http://www.w3.org/1999/02/22-rdf-syntax-ns#type -> http://www.w3.org/1999/02/22-rdf-syntax-ns#Property
2026-10-01T10:40:28.9641773Z [main] INFO org.semanticweb.owlapi.rdf.rdfxml.parser.TripleHandlers - Usage of rdf vocabulary: http://www.w3.org/2004/02/skos/core#scopeNote -> http://www.w3.org/1999/02/22-rdf-syntax-ns#type -> http://www.w3.org/1999/02/22-rdf-syntax-ns#Property
2026-10-01T10:40:28.9645344Z [main] INFO org.semanticweb.owlapi.rdf.rdfxml.parser.TripleHandlers - Usage of rdf vocabulary: http://www.w3.org/2004/02/skos/core#semanticRelation -> http://www.w3.org/1999/02/22-rdf-syntax-ns#type -> http://www.w3.org/1999/02/22-rdf-syntax-ns#Property
2026-10-01T10:40:28.9648829Z [main] INFO org.semanticweb.owlapi.rdf.rdfxml.parser.TripleHandlers - Usage of rdf vocabulary: http://www.w3.org/2004/02/skos/core#broader -> http://www.w3.org/1999/02/22-rdf-syntax-ns#type -> http://www.w3.org/1999/02/22-rdf-syntax-ns#Property
2026-10-01T10:40:28.9652184Z [main] INFO org.semanticweb.owlapi.rdf.rdfxml.parser.TripleHandlers - Usage of rdf vocabulary: http://www.w3.org/2004/02/skos/core#narrower -> http://www.w3.org/1999/02/22-rdf-syntax-ns#type -> http://www.w3.org/1999/02/22-rdf-syntax-ns#Property
2026-10-01T10:40:28.9655520Z [main] INFO org.semanticweb.owlapi.rdf.rdfxml.parser.TripleHandlers - Usage of rdf vocabulary: http://www.w3.org/2004/02/skos/core#related -> http://www.w3.org/1999/02/22-rdf-syntax-ns#type -> http://www.w3.org/1999/02/22-rdf-syntax-ns#Property
2026-10-01T10:40:28.9659142Z [main] INFO org.semanticweb.owlapi.rdf.rdfxml.parser.TripleHandlers - Usage of rdf vocabulary: http://www.w3.org/2004/02/skos/core#broaderTransitive -> http://www.w3.org/1999/02/22-rdf-syntax-ns#type -> http://www.w3.org/1999/02/22-rdf-syntax-ns#Property
2026-10-01T10:40:28.9662625Z [main] INFO org.semanticweb.owlapi.rdf.rdfxml.parser.TripleHandlers - Usage of rdf vocabulary: http://www.w3.org/2004/02/skos/core#narrowerTransitive -> http://www.w3.org/1999/02/22-rdf-syntax-ns#type -> http://www.w3.org/1999/02/22-rdf-syntax-ns#Property
2026-10-01T10:40:28.9665997Z [main] INFO org.semanticweb.owlapi.rdf.rdfxml.parser.TripleHandlers - Usage of rdf vocabulary: http://www.w3.org/2004/02/skos/core#member -> http://www.w3.org/1999/02/22-rdf-syntax-ns#type -> http://www.w3.org/1999/02/22-rdf-syntax-ns#Property
2026-10-01T10:40:28.9669487Z [main] INFO org.semanticweb.owlapi.rdf.rdfxml.parser.TripleHandlers - Usage of rdf vocabulary: http://www.w3.org/2004/02/skos/core#memberList -> http://www.w3.org/1999/02/22-rdf-syntax-ns#type -> http://www.w3.org/1999/02/22-rdf-syntax-ns#Property
2026-10-01T10:40:28.9672974Z [main] INFO org.semanticweb.owlapi.rdf.rdfxml.parser.TripleHandlers - Usage of rdf vocabulary: http://www.w3.org/2004/02/skos/core#mappingRelation -> http://www.w3.org/1999/02/22-rdf-syntax-ns#type -> http://www.w3.org/1999/02/22-rdf-syntax-ns#Property
2026-10-01T10:40:28.9676061Z [main] INFO org.semanticweb.owlapi.rdf.rdfxml.parser.TripleHandlers - Usage of rdf vocabulary: http://www.w3.org/2004/02/skos/core#broadMatch -> http://www.w3.org/1999/02/22-rdf-syntax-ns#type -> http://www.w3.org/1999/02/22-rdf-syntax-ns#Property
2026-10-01T10:40:28.9679276Z [main] INFO org.semanticweb.owlapi.rdf.rdfxml.parser.TripleHandlers - Usage of rdf vocabulary: http://www.w3.org/2004/02/skos/core#narrowMatch -> http://www.w3.org/1999/02/22-rdf-syntax-ns#type -> http://www.w3.org/1999/02/22-rdf-syntax-ns#Property
2026-10-01T10:40:28.9682317Z [main] INFO org.semanticweb.owlapi.rdf.rdfxml.parser.TripleHandlers - Usage of rdf vocabulary: http://www.w3.org/2004/02/skos/core#relatedMatch -> http://www.w3.org/1999/02/22-rdf-syntax-ns#type -> http://www.w3.org/1999/02/22-rdf-syntax-ns#Property
2026-10-01T10:40:28.9685397Z [main] INFO org.semanticweb.owlapi.rdf.rdfxml.parser.TripleHandlers - Usage of rdf vocabulary: http://www.w3.org/2004/02/skos/core#exactMatch -> http://www.w3.org/1999/02/22-rdf-syntax-ns#type -> http://www.w3.org/1999/02/22-rdf-syntax-ns#Property
2026-10-01T10:40:28.9688452Z [main] INFO org.semanticweb.owlapi.rdf.rdfxml.parser.TripleHandlers - Usage of rdf vocabulary: http://www.w3.org/2004/02/skos/core#closeMatch -> http://www.w3.org/1999/02/22-rdf-syntax-ns#type -> http://www.w3.org/1999/02/22-rdf-syntax-ns#Property
2026-10-01T10:40:29.1592779Z [main] INFO org.semanticweb.owlapi.rdf.rdfxml.parser.AbstractState - Notice: root element does not have an xml:base. Relative IRIs will be resolved against http://xmlns.com/foaf/0.1/
2026-10-01T10:40:29.1638149Z [main] INFO org.semanticweb.owlapi.rdf.rdfxml.parser.TripleHandlers - Usage of rdf vocabulary: http://xmlns.com/foaf/0.1/mbox -> http://www.w3.org/1999/02/22-rdf-syntax-ns#type -> http://www.w3.org/1999/02/22-rdf-syntax-ns#Property
2026-10-01T10:40:29.1672648Z [main] INFO org.semanticweb.owlapi.rdf.rdfxml.parser.TripleHandlers - Usage of rdf vocabulary: http://xmlns.com/foaf/0.1/mbox_sha1sum -> http://www.w3.org/1999/02/22-rdf-syntax-ns#type -> http://www.w3.org/1999/02/22-rdf-syntax-ns#Property
2026-10-01T10:40:29.1699185Z [main] INFO org.semanticweb.owlapi.rdf.rdfxml.parser.TripleHandlers - Usage of rdf vocabulary: http://xmlns.com/foaf/0.1/gender -> http://www.w3.org/1999/02/22-rdf-syntax-ns#type -> http://www.w3.org/1999/02/22-rdf-syntax-ns#Property
2026-10-01T10:40:29.1728461Z [main] INFO org.semanticweb.owlapi.rdf.rdfxml.parser.TripleHandlers - Usage of rdf vocabulary: http://xmlns.com/foaf/0.1/geekcode -> http://www.w3.org/1999/02/22-rdf-syntax-ns#type -> http://www.w3.org/1999/02/22-rdf-syntax-ns#Property
2026-10-01T10:40:29.1733711Z [main] INFO org.semanticweb.owlapi.rdf.rdfxml.parser.TripleHandlers - Usage of rdf vocabulary: http://xmlns.com/foaf/0.1/dnaChecksum -> http://www.w3.org/1999/02/22-rdf-syntax-ns#type -> http://www.w3.org/1999/02/22-rdf-syntax-ns#Property
2026-10-01T10:40:29.1738122Z [main] INFO org.semanticweb.owlapi.rdf.rdfxml.parser.TripleHandlers - Usage of rdf vocabulary: http://xmlns.com/foaf/0.1/sha1 -> http://www.w3.org/1999/02/22-rdf-syntax-ns#type -> http://www.w3.org/1999/02/22-rdf-syntax-ns#Property
2026-10-01T10:40:29.1742715Z [main] INFO org.semanticweb.owlapi.rdf.rdfxml.parser.TripleHandlers - Usage of rdf vocabulary: http://xmlns.com/foaf/0.1/based_near -> http://www.w3.org/1999/02/22-rdf-syntax-ns#type -> http://www.w3.org/1999/02/22-rdf-syntax-ns#Property
2026-10-01T10:40:29.1747328Z [main] INFO org.semanticweb.owlapi.rdf.rdfxml.parser.TripleHandlers - Usage of rdf vocabulary: http://xmlns.com/foaf/0.1/title -> http://www.w3.org/1999/02/22-rdf-syntax-ns#type -> http://www.w3.org/1999/02/22-rdf-syntax-ns#Property
2026-10-01T10:40:29.1752755Z [main] INFO org.semanticweb.owlapi.rdf.rdfxml.parser.TripleHandlers - Usage of rdf vocabulary: http://xmlns.com/foaf/0.1/nick -> http://www.w3.org/1999/02/22-rdf-syntax-ns#type -> http://www.w3.org/1999/02/22-rdf-syntax-ns#Property
2026-10-01T10:40:29.1756475Z [main] INFO org.semanticweb.owlapi.rdf.rdfxml.parser.TripleHandlers - Usage of rdf vocabulary: http://xmlns.com/foaf/0.1/jabberID -> http://www.w3.org/1999/02/22-rdf-syntax-ns#type -> http://www.w3.org/1999/02/22-rdf-syntax-ns#Property
2026-10-01T10:40:29.1760046Z [main] INFO org.semanticweb.owlapi.rdf.rdfxml.parser.TripleHandlers - Usage of rdf vocabulary: http://xmlns.com/foaf/0.1/aimChatID -> http://www.w3.org/1999/02/22-rdf-syntax-ns#type -> http://www.w3.org/1999/02/22-rdf-syntax-ns#Property
2026-10-01T10:40:29.1763571Z [main] INFO org.semanticweb.owlapi.rdf.rdfxml.parser.TripleHandlers - Usage of rdf vocabulary: http://xmlns.com/foaf/0.1/skypeID -> http://www.w3.org/1999/02/22-rdf-syntax-ns#type -> http://www.w3.org/1999/02/22-rdf-syntax-ns#Property
2026-10-01T10:40:29.1766915Z [main] INFO org.semanticweb.owlapi.rdf.rdfxml.parser.TripleHandlers - Usage of rdf vocabulary: http://xmlns.com/foaf/0.1/icqChatID -> http://www.w3.org/1999/02/22-rdf-syntax-ns#type -> http://www.w3.org/1999/02/22-rdf-syntax-ns#Property
2026-10-01T10:40:29.1771271Z [main] INFO org.semanticweb.owlapi.rdf.rdfxml.parser.TripleHandlers - Usage of rdf vocabulary: http://xmlns.com/foaf/0.1/yahooChatID -> http://www.w3.org/1999/02/22-rdf-syntax-ns#type -> http://www.w3.org/1999/02/22-rdf-syntax-ns#Property
2026-10-01T10:40:29.1775345Z [main] INFO org.semanticweb.owlapi.rdf.rdfxml.parser.TripleHandlers - Usage of rdf vocabulary: http://xmlns.com/foaf/0.1/msnChatID -> http://www.w3.org/1999/02/22-rdf-syntax-ns#type -> http://www.w3.org/1999/02/22-rdf-syntax-ns#Property
2026-10-01T10:40:29.1779560Z [main] INFO org.semanticweb.owlapi.rdf.rdfxml.parser.TripleHandlers - Usage of rdf vocabulary: http://xmlns.com/foaf/0.1/name -> http://www.w3.org/1999/02/22-rdf-syntax-ns#type -> http://www.w3.org/1999/02/22-rdf-syntax-ns#Property
2026-10-01T10:40:29.1784232Z [main] INFO org.semanticweb.owlapi.rdf.rdfxml.parser.TripleHandlers - Usage of rdf vocabulary: http://xmlns.com/foaf/0.1/firstName -> http://www.w3.org/1999/02/22-rdf-syntax-ns#type -> http://www.w3.org/1999/02/22-rdf-syntax-ns#Property
2026-10-01T10:40:29.1789200Z [main] INFO org.semanticweb.owlapi.rdf.rdfxml.parser.TripleHandlers - Usage of rdf vocabulary: http://xmlns.com/foaf/0.1/lastName -> http://www.w3.org/1999/02/22-rdf-syntax-ns#type -> http://www.w3.org/1999/02/22-rdf-syntax-ns#Property
2026-10-01T10:40:29.1792661Z [main] INFO org.semanticweb.owlapi.rdf.rdfxml.parser.TripleHandlers - Usage of rdf vocabulary: http://xmlns.com/foaf/0.1/givenName -> http://www.w3.org/1999/02/22-rdf-syntax-ns#type -> http://www.w3.org/1999/02/22-rdf-syntax-ns#Property
2026-10-01T10:40:29.1796435Z [main] INFO org.semanticweb.owlapi.rdf.rdfxml.parser.TripleHandlers - Usage of rdf vocabulary: http://xmlns.com/foaf/0.1/givenname -> http://www.w3.org/1999/02/22-rdf-syntax-ns#type -> http://www.w3.org/1999/02/22-rdf-syntax-ns#Property
2026-10-01T10:40:29.1800567Z [main] INFO org.semanticweb.owlapi.rdf.rdfxml.parser.TripleHandlers - Usage of rdf vocabulary: http://xmlns.com/foaf/0.1/surname -> http://www.w3.org/1999/02/22-rdf-syntax-ns#type -> http://www.w3.org/1999/02/22-rdf-syntax-ns#Property
2026-10-01T10:40:29.1820298Z [main] INFO org.semanticweb.owlapi.rdf.rdfxml.parser.TripleHandlers - Usage of rdf vocabulary: http://xmlns.com/foaf/0.1/family_name -> http://www.w3.org/1999/02/22-rdf-syntax-ns#type -> http://www.w3.org/1999/02/22-rdf-syntax-ns#Property
2026-10-01T10:40:29.1824884Z [main] INFO org.semanticweb.owlapi.rdf.rdfxml.parser.TripleHandlers - Usage of rdf vocabulary: http://xmlns.com/foaf/0.1/familyName -> http://www.w3.org/1999/02/22-rdf-syntax-ns#type -> http://www.w3.org/1999/02/22-rdf-syntax-ns#Property
2026-10-01T10:40:29.1828896Z [main] INFO org.semanticweb.owlapi.rdf.rdfxml.parser.TripleHandlers - Usage of rdf vocabulary: http://xmlns.com/foaf/0.1/phone -> http://www.w3.org/1999/02/22-rdf-syntax-ns#type -> http://www.w3.org/1999/02/22-rdf-syntax-ns#Property
2026-10-01T10:40:29.1833874Z [main] INFO org.semanticweb.owlapi.rdf.rdfxml.parser.TripleHandlers - Usage of rdf vocabulary: http://xmlns.com/foaf/0.1/homepage -> http://www.w3.org/1999/02/22-rdf-syntax-ns#type -> http://www.w3.org/1999/02/22-rdf-syntax-ns#Property
2026-10-01T10:40:29.1837742Z [main] INFO org.semanticweb.owlapi.rdf.rdfxml.parser.TripleHandlers - Usage of rdf vocabulary: http://xmlns.com/foaf/0.1/weblog -> http://www.w3.org/1999/02/22-rdf-syntax-ns#type -> http://www.w3.org/1999/02/22-rdf-syntax-ns#Property
2026-10-01T10:40:29.1843146Z [main] INFO org.semanticweb.owlapi.rdf.rdfxml.parser.TripleHandlers - Usage of rdf vocabulary: http://xmlns.com/foaf/0.1/openid -> http://www.w3.org/1999/02/22-rdf-syntax-ns#type -> http://www.w3.org/1999/02/22-rdf-syntax-ns#Property
2026-10-01T10:40:29.1847998Z [main] INFO org.semanticweb.owlapi.rdf.rdfxml.parser.TripleHandlers - Usage of rdf vocabulary: http://xmlns.com/foaf/0.1/tipjar -> http://www.w3.org/1999/02/22-rdf-syntax-ns#type -> http://www.w3.org/1999/02/22-rdf-syntax-ns#Property
2026-10-01T10:40:29.1851681Z [main] INFO org.semanticweb.owlapi.rdf.rdfxml.parser.TripleHandlers - Usage of rdf vocabulary: http://xmlns.com/foaf/0.1/plan -> http://www.w3.org/1999/02/22-rdf-syntax-ns#type -> http://www.w3.org/1999/02/22-rdf-syntax-ns#Property
2026-10-01T10:40:29.1855769Z [main] INFO org.semanticweb.owlapi.rdf.rdfxml.parser.TripleHandlers - Usage of rdf vocabulary: http://xmlns.com/foaf/0.1/made -> http://www.w3.org/1999/02/22-rdf-syntax-ns#type -> http://www.w3.org/1999/02/22-rdf-syntax-ns#Property
2026-10-01T10:40:29.1860357Z [main] INFO org.semanticweb.owlapi.rdf.rdfxml.parser.TripleHandlers - Usage of rdf vocabulary: http://xmlns.com/foaf/0.1/maker -> http://www.w3.org/1999/02/22-rdf-syntax-ns#type -> http://www.w3.org/1999/02/22-rdf-syntax-ns#Property
2026-10-01T10:40:29.1865562Z [main] INFO org.semanticweb.owlapi.rdf.rdfxml.parser.TripleHandlers - Usage of rdf vocabulary: http://xmlns.com/foaf/0.1/img -> http://www.w3.org/1999/02/22-rdf-syntax-ns#type -> http://www.w3.org/1999/02/22-rdf-syntax-ns#Property
2026-10-01T10:40:29.1870535Z [main] INFO org.semanticweb.owlapi.rdf.rdfxml.parser.TripleHandlers - Usage of rdf vocabulary: http://xmlns.com/foaf/0.1/depiction -> http://www.w3.org/1999/02/22-rdf-syntax-ns#type -> http://www.w3.org/1999/02/22-rdf-syntax-ns#Property
2026-10-01T10:40:29.1874903Z [main] INFO org.semanticweb.owlapi.rdf.rdfxml.parser.TripleHandlers - Usage of rdf vocabulary: http://xmlns.com/foaf/0.1/depicts -> http://www.w3.org/1999/02/22-rdf-syntax-ns#type -> http://www.w3.org/1999/02/22-rdf-syntax-ns#Property
2026-10-01T10:40:29.1879796Z [main] INFO org.semanticweb.owlapi.rdf.rdfxml.parser.TripleHandlers - Usage of rdf vocabulary: http://xmlns.com/foaf/0.1/thumbnail -> http://www.w3.org/1999/02/22-rdf-syntax-ns#type -> http://www.w3.org/1999/02/22-rdf-syntax-ns#Property
2026-10-01T10:40:29.1884003Z [main] INFO org.semanticweb.owlapi.rdf.rdfxml.parser.TripleHandlers - Usage of rdf vocabulary: http://xmlns.com/foaf/0.1/myersBriggs -> http://www.w3.org/1999/02/22-rdf-syntax-ns#type -> http://www.w3.org/1999/02/22-rdf-syntax-ns#Property
2026-10-01T10:40:29.1887504Z [main] INFO org.semanticweb.owlapi.rdf.rdfxml.parser.TripleHandlers - Usage of rdf vocabulary: http://xmlns.com/foaf/0.1/workplaceHomepage -> http://www.w3.org/1999/02/22-rdf-syntax-ns#type -> http://www.w3.org/1999/02/22-rdf-syntax-ns#Property
2026-10-01T10:40:29.1892543Z [main] INFO org.semanticweb.owlapi.rdf.rdfxml.parser.TripleHandlers - Usage of rdf vocabulary: http://xmlns.com/foaf/0.1/workInfoHomepage -> http://www.w3.org/1999/02/22-rdf-syntax-ns#type -> http://www.w3.org/1999/02/22-rdf-syntax-ns#Property
2026-10-01T10:40:29.1897251Z [main] INFO org.semanticweb.owlapi.rdf.rdfxml.parser.TripleHandlers - Usage of rdf vocabulary: http://xmlns.com/foaf/0.1/schoolHomepage -> http://www.w3.org/1999/02/22-rdf-syntax-ns#type -> http://www.w3.org/1999/02/22-rdf-syntax-ns#Property
2026-10-01T10:40:29.1901515Z [main] INFO org.semanticweb.owlapi.rdf.rdfxml.parser.TripleHandlers - Usage of rdf vocabulary: http://xmlns.com/foaf/0.1/knows -> http://www.w3.org/1999/02/22-rdf-syntax-ns#type -> http://www.w3.org/1999/02/22-rdf-syntax-ns#Property
2026-10-01T10:40:29.1905225Z [main] INFO org.semanticweb.owlapi.rdf.rdfxml.parser.TripleHandlers - Usage of rdf vocabulary: http://xmlns.com/foaf/0.1/interest -> http://www.w3.org/1999/02/22-rdf-syntax-ns#type -> http://www.w3.org/1999/02/22-rdf-syntax-ns#Property
2026-10-01T10:40:29.1909608Z [main] INFO org.semanticweb.owlapi.rdf.rdfxml.parser.TripleHandlers - Usage of rdf vocabulary: http://xmlns.com/foaf/0.1/topic_interest -> http://www.w3.org/1999/02/22-rdf-syntax-ns#type -> http://www.w3.org/1999/02/22-rdf-syntax-ns#Property
2026-10-01T10:40:29.1913261Z [main] INFO org.semanticweb.owlapi.rdf.rdfxml.parser.TripleHandlers - Usage of rdf vocabulary: http://xmlns.com/foaf/0.1/publications -> http://www.w3.org/1999/02/22-rdf-syntax-ns#type -> http://www.w3.org/1999/02/22-rdf-syntax-ns#Property
2026-10-01T10:40:29.1916950Z [main] INFO org.semanticweb.owlapi.rdf.rdfxml.parser.TripleHandlers - Usage of rdf vocabulary: http://xmlns.com/foaf/0.1/currentProject -> http://www.w3.org/1999/02/22-rdf-syntax-ns#type -> http://www.w3.org/1999/02/22-rdf-syntax-ns#Property
2026-10-01T10:40:29.1921305Z [main] INFO org.semanticweb.owlapi.rdf.rdfxml.parser.TripleHandlers - Usage of rdf vocabulary: http://xmlns.com/foaf/0.1/pastProject -> http://www.w3.org/1999/02/22-rdf-syntax-ns#type -> http://www.w3.org/1999/02/22-rdf-syntax-ns#Property
2026-10-01T10:40:29.1925391Z [main] INFO org.semanticweb.owlapi.rdf.rdfxml.parser.TripleHandlers - Usage of rdf vocabulary: http://xmlns.com/foaf/0.1/fundedBy -> http://www.w3.org/1999/02/22-rdf-syntax-ns#type -> http://www.w3.org/1999/02/22-rdf-syntax-ns#Property
2026-10-01T10:40:29.1929285Z [main] INFO org.semanticweb.owlapi.rdf.rdfxml.parser.TripleHandlers - Usage of rdf vocabulary: http://xmlns.com/foaf/0.1/logo -> http://www.w3.org/1999/02/22-rdf-syntax-ns#type -> http://www.w3.org/1999/02/22-rdf-syntax-ns#Property
2026-10-01T10:40:29.1934129Z [main] INFO org.semanticweb.owlapi.rdf.rdfxml.parser.TripleHandlers - Usage of rdf vocabulary: http://xmlns.com/foaf/0.1/topic -> http://www.w3.org/1999/02/22-rdf-syntax-ns#type -> http://www.w3.org/1999/02/22-rdf-syntax-ns#Property
2026-10-01T10:40:29.1941632Z [main] INFO org.semanticweb.owlapi.rdf.rdfxml.parser.TripleHandlers - Usage of rdf vocabulary: http://xmlns.com/foaf/0.1/primaryTopic -> http://www.w3.org/1999/02/22-rdf-syntax-ns#type -> http://www.w3.org/1999/02/22-rdf-syntax-ns#Property
2026-10-01T10:40:29.1946317Z [main] INFO org.semanticweb.owlapi.rdf.rdfxml.parser.TripleHandlers - Usage of rdf vocabulary: http://xmlns.com/foaf/0.1/focus -> http://www.w3.org/1999/02/22-rdf-syntax-ns#type -> http://www.w3.org/1999/02/22-rdf-syntax-ns#Property
2026-10-01T10:40:29.1951650Z [main] INFO org.semanticweb.owlapi.rdf.rdfxml.parser.TripleHandlers - Usage of rdf vocabulary: http://xmlns.com/foaf/0.1/isPrimaryTopicOf -> http://www.w3.org/1999/02/22-rdf-syntax-ns#type -> http://www.w3.org/1999/02/22-rdf-syntax-ns#Property
2026-10-01T10:40:29.1956868Z [main] INFO org.semanticweb.owlapi.rdf.rdfxml.parser.TripleHandlers - Usage of rdf vocabulary: http://xmlns.com/foaf/0.1/page -> http://www.w3.org/1999/02/22-rdf-syntax-ns#type -> http://www.w3.org/1999/02/22-rdf-syntax-ns#Property
2026-10-01T10:40:29.1962606Z [main] INFO org.semanticweb.owlapi.rdf.rdfxml.parser.TripleHandlers - Usage of rdf vocabulary: http://xmlns.com/foaf/0.1/theme -> http://www.w3.org/1999/02/22-rdf-syntax-ns#type -> http://www.w3.org/1999/02/22-rdf-syntax-ns#Property
2026-10-01T10:40:29.1966229Z [main] INFO org.semanticweb.owlapi.rdf.rdfxml.parser.TripleHandlers - Usage of rdf vocabulary: http://xmlns.com/foaf/0.1/account -> http://www.w3.org/1999/02/22-rdf-syntax-ns#type -> http://www.w3.org/1999/02/22-rdf-syntax-ns#Property
2026-10-01T10:40:29.1970605Z [main] INFO org.semanticweb.owlapi.rdf.rdfxml.parser.TripleHandlers - Usage of rdf vocabulary: http://xmlns.com/foaf/0.1/holdsAccount -> http://www.w3.org/1999/02/22-rdf-syntax-ns#type -> http://www.w3.org/1999/02/22-rdf-syntax-ns#Property
2026-10-01T10:40:29.1976037Z [main] INFO org.semanticweb.owlapi.rdf.rdfxml.parser.TripleHandlers - Usage of rdf vocabulary: http://xmlns.com/foaf/0.1/accountServiceHomepage -> http://www.w3.org/1999/02/22-rdf-syntax-ns#type -> http://www.w3.org/1999/02/22-rdf-syntax-ns#Property
2026-10-01T10:40:29.1982248Z [main] INFO org.semanticweb.owlapi.rdf.rdfxml.parser.TripleHandlers - Usage of rdf vocabulary: http://xmlns.com/foaf/0.1/accountName -> http://www.w3.org/1999/02/22-rdf-syntax-ns#type -> http://www.w3.org/1999/02/22-rdf-syntax-ns#Property
2026-10-01T10:40:29.1986094Z [main] INFO org.semanticweb.owlapi.rdf.rdfxml.parser.TripleHandlers - Usage of rdf vocabulary: http://xmlns.com/foaf/0.1/member -> http://www.w3.org/1999/02/22-rdf-syntax-ns#type -> http://www.w3.org/1999/02/22-rdf-syntax-ns#Property
2026-10-01T10:40:29.1990304Z [main] INFO org.semanticweb.owlapi.rdf.rdfxml.parser.TripleHandlers - Usage of rdf vocabulary: http://xmlns.com/foaf/0.1/membershipClass -> http://www.w3.org/1999/02/22-rdf-syntax-ns#type -> http://www.w3.org/1999/02/22-rdf-syntax-ns#Property
2026-10-01T10:40:29.1995539Z [main] INFO org.semanticweb.owlapi.rdf.rdfxml.parser.TripleHandlers - Usage of rdf vocabulary: http://xmlns.com/foaf/0.1/birthday -> http://www.w3.org/1999/02/22-rdf-syntax-ns#type -> http://www.w3.org/1999/02/22-rdf-syntax-ns#Property
2026-10-01T10:40:29.2000157Z [main] INFO org.semanticweb.owlapi.rdf.rdfxml.parser.TripleHandlers - Usage of rdf vocabulary: http://xmlns.com/foaf/0.1/age -> http://www.w3.org/1999/02/22-rdf-syntax-ns#type -> http://www.w3.org/1999/02/22-rdf-syntax-ns#Property
2026-10-01T10:40:29.2004434Z [main] INFO org.semanticweb.owlapi.rdf.rdfxml.parser.TripleHandlers - Usage of rdf vocabulary: http://xmlns.com/foaf/0.1/status -> http://www.w3.org/1999/02/22-rdf-syntax-ns#type -> http://www.w3.org/1999/02/22-rdf-syntax-ns#Property
2026-10-01T10:40:29.2008918Z [main] INFO org.semanticweb.owlapi.rdf.rdfxml.parser.OWLRDFConsumer - Unparsed triple: http://www.w3.org/2002/07/owl#equivalentProperty -> http://xmlns.com/foaf/0.1/maker -> http://purl.org/dc/terms/creator
2026-10-01T10:40:29.2013297Z [main] WARN uk.ac.manchester.cs.owl.owlapi.OWLOntologyManagerImpl - Illegal redeclarations of entities: reuse of entity http://xmlns.com/foaf/0.1/aimChatID in punning not allowed [Declaration(ObjectProperty(<http://xmlns.com/foaf/0.1/aimChatID>)), Declaration(DataProperty(<http://xmlns.com/foaf/0.1/aimChatID>))]
2026-10-01T10:40:29.2018862Z [main] WARN uk.ac.manchester.cs.owl.owlapi.OWLOntologyManagerImpl - Illegal redeclarations of entities: reuse of entity http://xmlns.com/foaf/0.1/icqChatID in punning not allowed [Declaration(ObjectProperty(<http://xmlns.com/foaf/0.1/icqChatID>)), Declaration(DataProperty(<http://xmlns.com/foaf/0.1/icqChatID>))]
2026-10-01T10:40:29.2024632Z [main] WARN uk.ac.manchester.cs.owl.owlapi.OWLOntologyManagerImpl - Illegal redeclarations of entities: reuse of entity http://xmlns.com/foaf/0.1/mbox_sha1sum in punning not allowed [Declaration(DataProperty(<http://xmlns.com/foaf/0.1/mbox_sha1sum>)), Declaration(ObjectProperty(<http://xmlns.com/foaf/0.1/mbox_sha1sum>))]
2026-10-01T10:40:29.2030217Z [main] WARN uk.ac.manchester.cs.owl.owlapi.OWLOntologyManagerImpl - Illegal redeclarations of entities: reuse of entity http://xmlns.com/foaf/0.1/jabberID in punning not allowed [Declaration(DataProperty(<http://xmlns.com/foaf/0.1/jabberID>)), Declaration(ObjectProperty(<http://xmlns.com/foaf/0.1/jabberID>))]
2026-10-01T10:40:29.2036480Z [main] WARN uk.ac.manchester.cs.owl.owlapi.OWLOntologyManagerImpl - Illegal redeclarations of entities: reuse of entity http://xmlns.com/foaf/0.1/yahooChatID in punning not allowed [Declaration(ObjectProperty(<http://xmlns.com/foaf/0.1/yahooChatID>)), Declaration(DataProperty(<http://xmlns.com/foaf/0.1/yahooChatID>))]
2026-10-01T10:40:29.2041750Z [main] WARN uk.ac.manchester.cs.owl.owlapi.OWLOntologyManagerImpl - Illegal redeclarations of entities: reuse of entity http://xmlns.com/foaf/0.1/msnChatID in punning not allowed [Declaration(DataProperty(<http://xmlns.com/foaf/0.1/msnChatID>)), Declaration(ObjectProperty(<http://xmlns.com/foaf/0.1/msnChatID>))]
2026-10-01T10:40:29.2047391Z [main] WARN org.semanticweb.owlapi.util.OWLAnnotationPropertyTransformer - Annotation property range axiom turned to data property range after parsing. This could introduce errors if the original range was an anonymous expression: http://www.w3.org/2000/01/rdf-schema#Literal is the new domain.
2026-10-01T10:40:29.2051661Z [main] INFO org.semanticweb.owlapi.io.DocumentSources - URL connection input stream is compressed using gzip
2026-10-01T10:40:29.2056038Z [main] WARN uk.ac.manchester.cs.owl.owlapi.OWLOntologyManagerImpl - Illegal redeclarations of entities: reuse of entity http://www.w3.org/ns/prov#wasRevisionOf in punning not allowed [Declaration(AnnotationProperty(<http://www.w3.org/ns/prov#wasRevisionOf>)), Declaration(ObjectProperty(<http://www.w3.org/ns/prov#wasRevisionOf>))]
2026-10-01T10:40:29.2062452Z [main] WARN uk.ac.manchester.cs.owl.owlapi.OWLOntologyManagerImpl - Illegal redeclarations of entities: reuse of entity http://www.w3.org/ns/prov#specializationOf in punning not allowed [Declaration(ObjectProperty(<http://www.w3.org/ns/prov#specializationOf>)), Declaration(AnnotationProperty(<http://www.w3.org/ns/prov#specializationOf>))]
2026-10-01T10:40:29.2068426Z [main] INFO org.semanticweb.owlapi.io.DocumentSources - URL connection input stream is compressed using gzip
2026-10-01T10:40:29.2629644Z [main] INFO org.semanticweb.owlapi.rdf.rdfxml.parser.AbstractState - Notice: root element does not have an xml:base. Relative IRIs will be resolved against http://www.w3.org/2003/01/geo/wgs84_pos
2026-10-01T10:40:29.2639454Z [main] INFO org.semanticweb.owlapi.rdf.rdfxml.parser.TripleHandlers - Usage of rdf vocabulary: http://www.w3.org/2003/01/geo/wgs84_pos#lat -> http://www.w3.org/1999/02/22-rdf-syntax-ns#type -> http://www.w3.org/1999/02/22-rdf-syntax-ns#Property
2026-10-01T10:40:29.2643814Z [main] INFO org.semanticweb.owlapi.rdf.rdfxml.parser.TripleHandlers - Usage of rdf vocabulary: http://www.w3.org/2003/01/geo/wgs84_pos#location -> http://www.w3.org/1999/02/22-rdf-syntax-ns#type -> http://www.w3.org/1999/02/22-rdf-syntax-ns#Property
2026-10-01T10:40:29.2647499Z [main] INFO org.semanticweb.owlapi.rdf.rdfxml.parser.TripleHandlers - Usage of rdf vocabulary: http://www.w3.org/2003/01/geo/wgs84_pos#long -> http://www.w3.org/1999/02/22-rdf-syntax-ns#type -> http://www.w3.org/1999/02/22-rdf-syntax-ns#Property
2026-10-01T10:40:29.2651501Z [main] INFO org.semanticweb.owlapi.rdf.rdfxml.parser.TripleHandlers - Usage of rdf vocabulary: http://www.w3.org/2003/01/geo/wgs84_pos#alt -> http://www.w3.org/1999/02/22-rdf-syntax-ns#type -> http://www.w3.org/1999/02/22-rdf-syntax-ns#Property
2026-10-01T10:40:29.2655060Z [main] INFO org.semanticweb.owlapi.rdf.rdfxml.parser.TripleHandlers - Usage of rdf vocabulary: http://www.w3.org/2003/01/geo/wgs84_pos#lat_long -> http://www.w3.org/1999/02/22-rdf-syntax-ns#type -> http://www.w3.org/1999/02/22-rdf-syntax-ns#Property
2026-10-01T10:40:29.3910328Z [main] WARN uk.ac.manchester.cs.owl.owlapi.OWLOntologyManagerImpl - Illegal redeclarations of entities: reuse of entity http://xmlns.com/foaf/0.1/aimChatID in punning not allowed [Declaration(ObjectProperty(<http://xmlns.com/foaf/0.1/aimChatID>)), Declaration(DataProperty(<http://xmlns.com/foaf/0.1/aimChatID>))]
2026-10-01T10:40:29.3971419Z [main] WARN uk.ac.manchester.cs.owl.owlapi.OWLOntologyManagerImpl - Illegal redeclarations of entities: reuse of entity http://xmlns.com/foaf/0.1/icqChatID in punning not allowed [Declaration(ObjectProperty(<http://xmlns.com/foaf/0.1/icqChatID>)), Declaration(DataProperty(<http://xmlns.com/foaf/0.1/icqChatID>))]
2026-10-01T10:40:29.4031371Z [main] WARN uk.ac.manchester.cs.owl.owlapi.OWLOntologyManagerImpl - Illegal redeclarations of entities: reuse of entity http://www.w3.org/ns/prov#wasRevisionOf in punning not allowed [Declaration(AnnotationProperty(<http://www.w3.org/ns/prov#wasRevisionOf>)), Declaration(ObjectProperty(<http://www.w3.org/ns/prov#wasRevisionOf>))]
2026-10-01T10:40:29.4042255Z [INFO] Tests run: 4, Failures: 0, Errors: 0, Skipped: 0, Time elapsed: 3.407 s -- in widoco.OntologyLanguageTest
2026-10-01T10:40:29.4083587Z [main] WARN uk.ac.manchester.cs.owl.owlapi.OWLOntologyManagerImpl - Illegal redeclarations of entities: reuse of entity http://xmlns.com/foaf/0.1/mbox_sha1sum in punning not allowed [Declaration(DataProperty(<http://xmlns.com/foaf/0.1/mbox_sha1sum>)), Declaration(ObjectProperty(<http://xmlns.com/foaf/0.1/mbox_sha1sum>))]
2026-10-01T10:40:29.4086060Z [INFO] Running widoco.CreateDocInThreadTest
2026-10-01T10:40:29.4089097Z [main] WARN uk.ac.manchester.cs.owl.owlapi.OWLOntologyManagerImpl - Illegal redeclarations of entities: reuse of entity http://www.w3.org/ns/prov#specializationOf in punning not allowed [Declaration(ObjectProperty(<http://www.w3.org/ns/prov#specializationOf>)), Declaration(AnnotationProperty(<http://www.w3.org/ns/prov#specializationOf>))]
2026-10-01T10:40:29.4122504Z [main] WARN uk.ac.manchester.cs.owl.owlapi.OWLOntologyManagerImpl - Illegal redeclarations of entities: reuse of entity http://xmlns.com/foaf/0.1/msnChatID in punning not allowed [Declaration(DataProperty(<http://xmlns.com/foaf/0.1/msnChatID>)), Declaration(ObjectProperty(<http://xmlns.com/foaf/0.1/msnChatID>))]
2026-10-01T10:40:29.4160949Z [main] WARN uk.ac.manchester.cs.owl.owlapi.OWLOntologyManagerImpl - Illegal redeclarations of entities: reuse of entity http://xmlns.com/foaf/0.1/jabberID in punning not allowed [Declaration(DataProperty(<http://xmlns.com/foaf/0.1/jabberID>)), Declaration(ObjectProperty(<http://xmlns.com/foaf/0.1/jabberID>))]
2026-10-01T10:40:29.4167306Z [main] WARN uk.ac.manchester.cs.owl.owlapi.OWLOntologyManagerImpl - Illegal redeclarations of entities: reuse of entity http://xmlns.com/foaf/0.1/yahooChatID in punning not allowed [Declaration(ObjectProperty(<http://xmlns.com/foaf/0.1/yahooChatID>)), Declaration(DataProperty(<http://xmlns.com/foaf/0.1/yahooChatID>))]
2026-10-01T10:40:29.4170840Z [main] ERROR widoco.Configuration - Error while getting ontology revision. No literal provided
2026-10-01T10:40:29.4172232Z [main] ERROR widoco.Configuration - Error while getting ontology revision. No literal provided
2026-10-01T10:40:29.4571210Z [main] INFO widoco.WidocoUtils - Copying resource folder from lode to tmp1790851229391
2026-10-01T10:40:29.4572090Z Testing Ontology: BNE
2026-10-01T10:40:29.4590682Z [main] WARN widoco.Configuration - Error while reading configuration properties from [/home/runner/work/Widoco/Widoco/target/config/config.properties]: /home/runner/work/Widoco/Widoco/target/config/config.properties (No such file or directory)
2026-10-01T10:40:29.4620067Z [main] WARN widoco.Configuration - Error while loading the default property file: /home/runner/work/Widoco/Widoco/target/config/config.properties (No such file or directory)
2026-10-01T10:40:29.4632506Z [main] INFO widoco.WidocoUtils - Load ontology test/bne.ttl
2026-10-01T10:40:29.4633786Z [main] INFO widoco.CatalogIRIMapper - Creating JenaCatalogIRIMapper
2026-10-01T10:40:29.4634972Z [main] INFO widoco.CatalogIRIMapper - Loading 3 inputstream:ontology43212001061
2026-10-01T10:40:29.4636530Z [main] INFO widoco.CatalogIRIMapper - Loaded ont-policy ontology
2026-10-01T10:40:29.4638140Z [main] INFO widoco.CatalogIRIMapper - http://www.w3.org/2000/01/rdf-schema -> file:///test/lib/ontologies/w3c/rdf-schema.rdf
2026-10-01T10:40:29.4640333Z [main] INFO widoco.CatalogIRIMapper - http://www.w3.org/2002/07/owl -> file:///test/lib/ontologies/w3c/owl.owl
2026-10-01T10:40:29.6572344Z [main] INFO widoco.CreateResources - Generate documentation in myDoc
2026-10-01T10:40:29.6573869Z [main] INFO widoco.CreateResources - - ontology IRI: 
2026-10-01T10:40:30.6609441Z Warning at function f:isInDomain on line 2111 column 55 of extraction.xsl:
2026-10-01T10:40:30.6619170Z   SXWN9000: A function that computes atomic values should use xsl:sequence rather than xsl:value-of
2026-10-01T10:40:30.6632064Z Warning at function f:hasMembers on line 2099 column 55 of extraction.xsl:
2026-10-01T10:40:30.6633326Z   SXWN9000: A function that computes atomic values should use xsl:sequence rather than xsl:value-of
2026-10-01T10:40:30.6659403Z Warning at function f:isInRange on line 2105 column 54 of extraction.xsl:
2026-10-01T10:40:30.6679281Z   SXWN9000: A function that computes atomic values should use xsl:sequence rather than xsl:value-of
2026-10-01T10:40:30.6681994Z Warning at function f:hasSubclasses on line 2093 column 58 of extraction.xsl:
2026-10-01T10:40:30.6684393Z   SXWN9000: A function that computes atomic values should use xsl:sequence rather than xsl:value-of
2026-10-01T10:40:32.6645623Z [main] INFO widoco.LODEParser - Parsing Complete!
2026-10-01T10:40:32.6651115Z [main] INFO widoco.CreateResources - No previous version provided. No changelog produced!
2026-10-01T10:40:32.9660275Z [main] INFO widoco.WidocoUtils - Copying resource folder from lode to tmp1790851232945
2026-10-01T10:40:32.9671224Z [main] WARN widoco.Configuration - Error while reading configuration properties from [/home/runner/work/Widoco/Widoco/target/config/config.properties]: /home/runner/work/Widoco/Widoco/target/config/config.properties (No such file or directory)
2026-10-01T10:40:32.9674418Z Testing Ontology: otalex.owl
2026-10-01T10:40:32.9676696Z [main] WARN widoco.Configuration - Error while loading the default property file: /home/runner/work/Widoco/Widoco/target/config/config.properties (No such file or directory)
2026-10-01T10:40:32.9679707Z [main] INFO widoco.WidocoUtils - Load ontology test/otalex.owl
2026-10-01T10:40:32.9681364Z [main] INFO widoco.CatalogIRIMapper - Creating JenaCatalogIRIMapper
2026-10-01T10:40:32.9682641Z [main] INFO widoco.CatalogIRIMapper - Loading 3 inputstream:ontology43212001062
2026-10-01T10:40:32.9703565Z [main] INFO widoco.CatalogIRIMapper - Loaded ont-policy ontology
2026-10-01T10:40:32.9705341Z [main] INFO widoco.CatalogIRIMapper - http://www.w3.org/2000/01/rdf-schema -> file:///test/lib/ontologies/w3c/rdf-schema.rdf
2026-10-01T10:40:32.9708436Z [main] INFO widoco.CatalogIRIMapper - http://www.w3.org/2002/07/owl -> file:///test/lib/ontologies/w3c/owl.owl
2026-10-01T10:40:33.0659872Z [main] INFO widoco.CreateResources - Generate documentation in myDoc
2026-10-01T10:40:33.0689559Z [main] INFO widoco.CreateResources - - ontology IRI: 
2026-10-01T10:40:33.2659848Z Warning at function f:isInDomain on line 2111 column 55 of extraction.xsl:
2026-10-01T10:40:33.2661125Z   SXWN9000: A function that computes atomic values should use xsl:sequence rather than xsl:value-of
2026-10-01T10:40:33.2662309Z Warning at function f:hasMembers on line 2099 column 55 of extraction.xsl:
2026-10-01T10:40:33.2663449Z   SXWN9000: A function that computes atomic values should use xsl:sequence rather than xsl:value-of
2026-10-01T10:40:33.2664602Z Warning at function f:isInRange on line 2105 column 54 of extraction.xsl:
2026-10-01T10:40:33.2665721Z   SXWN9000: A function that computes atomic values should use xsl:sequence rather than xsl:value-of
2026-10-01T10:40:33.2666948Z Warning at function f:hasSubclasses on line 2093 column 58 of extraction.xsl:
2026-10-01T10:40:33.2668101Z   SXWN9000: A function that computes atomic values should use xsl:sequence rather than xsl:value-of
2026-10-01T10:40:33.9674275Z [main] INFO widoco.LODEParser - Parsing Complete!
2026-10-01T10:40:33.9676290Z [main] INFO widoco.CreateResources - No previous version provided. No changelog produced!
2026-10-01T10:40:34.0682869Z [main] INFO widoco.WidocoUtils - Copying resource folder from lode to tmp1790851234036
2026-10-01T10:40:34.0696151Z [main] WARN widoco.Configuration - Error while reading configuration properties from [/home/runner/work/Widoco/Widoco/target/config/config.properties]: /home/runner/work/Widoco/Widoco/target/config/config.properties (No such file or directory)
2026-10-01T10:40:34.0699688Z [main] WARN widoco.Configuration - Error while loading the default property file: /home/runner/work/Widoco/Widoco/target/config/config.properties (No such file or directory)
2026-10-01T10:40:34.0702047Z [main] INFO widoco.WidocoUtils - Load ontology test/example_annotated.owl
2026-10-01T10:40:34.0703227Z [main] INFO widoco.CatalogIRIMapper - Creating JenaCatalogIRIMapper
2026-10-01T10:40:34.0704415Z [main] INFO widoco.CatalogIRIMapper - Loading 3 inputstream:ontology43212001063
2026-10-01T10:40:34.0705586Z [main] INFO widoco.CatalogIRIMapper - Loaded ont-policy ontology
2026-10-01T10:40:34.0707031Z [main] INFO widoco.CatalogIRIMapper - http://www.w3.org/2000/01/rdf-schema -> file:///test/lib/ontologies/w3c/rdf-schema.rdf
2026-10-01T10:40:34.0708940Z [main] INFO widoco.CatalogIRIMapper - http://www.w3.org/2002/07/owl -> file:///test/lib/ontologies/w3c/owl.owl
2026-10-01T10:40:34.1691218Z [main] INFO widoco.CreateResources - Generate documentation in myDoc
2026-10-01T10:40:34.1719569Z [main] INFO widoco.CreateResources - - ontology IRI: https://w3id.org/example
2026-10-01T10:40:34.2709930Z Warning at function f:isInDomain on line 2111 column 55 of extraction.xsl:
2026-10-01T10:40:34.2744100Z   SXWN9000: A function that computes atomic values should use xsl:sequence rather than xsl:value-of
2026-10-01T10:40:34.2759876Z Warning at function f:hasMembers on line 2099 column 55 of extraction.xsl:
2026-10-01T10:40:34.2809696Z   SXWN9000: A function that computes atomic values should use xsl:sequence rather than xsl:value-of
2026-10-01T10:40:34.2820489Z Warning at function f:isInRange on line 2105 column 54 of extraction.xsl:
2026-10-01T10:40:34.2826319Z   SXWN9000: A function that computes atomic values should use xsl:sequence rather than xsl:value-of
2026-10-01T10:40:34.2827651Z Warning at function f:hasSubclasses on line 2093 column 58 of extraction.xsl:
2026-10-01T10:40:34.2829308Z   SXWN9000: A function that computes atomic values should use xsl:sequence rather than xsl:value-of
2026-10-01T10:40:34.6688003Z [main] INFO widoco.LODEParser - Parsing Complete!
2026-10-01T10:40:34.6689329Z [main] INFO widoco.CreateResources - Attempting to generate an automated changelog
2026-10-01T10:40:34.6690160Z Downloading old ontology https://w3id.org/example/1.0.0
2026-10-01T10:40:34.6691257Z [main] INFO widoco.WidocoUtils - Attempting to download vocabulary in application/rdf+xml
2026-10-01T10:40:34.9299883Z [main] INFO diff.CompareOntologies - old ontology version loaded
2026-10-01T10:40:34.9307503Z [main] INFO widoco.CreateResources - Changelog successfully created
2026-10-01T10:40:34.9694223Z [main] INFO widoco.WidocoUtils - Copying resource folder from lode to tmp1790851234929
2026-10-01T10:40:34.9699646Z [main] WARN widoco.Configuration - Error while reading configuration properties from [/home/runner/work/Widoco/Widoco/target/config/config.properties]: /home/runner/work/Widoco/Widoco/target/config/config.properties (No such file or directory)
2026-10-01T10:40:34.9701637Z Testing Ontology: PAC2_EX2_RDF.rdf
2026-10-01T10:40:34.9703414Z [main] WARN widoco.Configuration - Error while loading the default property file: /home/runner/work/Widoco/Widoco/target/config/config.properties (No such file or directory)
2026-10-01T10:40:34.9705367Z [main] INFO widoco.WidocoUtils - Load ontology test/PAC2_EX2_RDF.rdf
2026-10-01T10:40:34.9706501Z [main] INFO widoco.CatalogIRIMapper - Creating JenaCatalogIRIMapper
2026-10-01T10:40:34.9707657Z [main] INFO widoco.CatalogIRIMapper - Loading 3 inputstream:ontology43212001064
2026-10-01T10:40:34.9709048Z [main] INFO widoco.CatalogIRIMapper - Loaded ont-policy ontology
2026-10-01T10:40:34.9710534Z [main] INFO widoco.CatalogIRIMapper - http://www.w3.org/2000/01/rdf-schema -> file:///test/lib/ontologies/w3c/rdf-schema.rdf
2026-10-01T10:40:34.9712300Z [main] INFO widoco.CatalogIRIMapper - http://www.w3.org/2002/07/owl -> file:///test/lib/ontologies/w3c/owl.owl
2026-10-01T10:40:35.0702068Z [main] INFO widoco.CreateResources - Generate documentation in myDoc
2026-10-01T10:40:35.0704645Z [main] INFO widoco.CreateResources - - ontology IRI: 
2026-10-01T10:40:35.1730156Z Warning at function f:isInDomain on line 2111 column 55 of extraction.xsl:
2026-10-01T10:40:35.1732138Z   SXWN9000: A function that computes atomic values should use xsl:sequence rather than xsl:value-of
2026-10-01T10:40:35.1733712Z Warning at function f:hasMembers on line 2099 column 55 of extraction.xsl:
2026-10-01T10:40:35.1735196Z   SXWN9000: A function that computes atomic values should use xsl:sequence rather than xsl:value-of
2026-10-01T10:40:35.1736602Z Warning at function f:isInRange on line 2105 column 54 of extraction.xsl:
2026-10-01T10:40:35.1737983Z   SXWN9000: A function that computes atomic values should use xsl:sequence rather than xsl:value-of
2026-10-01T10:40:35.1739869Z Warning at function f:hasSubclasses on line 2093 column 58 of extraction.xsl:
2026-10-01T10:40:35.1741278Z   SXWN9000: A function that computes atomic values should use xsl:sequence rather than xsl:value-of
2026-10-01T10:40:35.4528099Z [main] INFO widoco.LODEParser - Parsing Complete!
2026-10-01T10:40:35.4532146Z [main] INFO widoco.CreateResources - No previous version provided. No changelog produced!
2026-10-01T10:40:35.4707810Z [main] INFO widoco.WidocoUtils - Copying resource folder from lode to tmp1790851235452
2026-10-01T10:40:35.4712681Z Testing Ontology: coil.owl
2026-10-01T10:40:35.4715204Z [main] WARN widoco.Configuration - Error while reading configuration properties from [/home/runner/work/Widoco/Widoco/target/config/config.properties]: /home/runner/work/Widoco/Widoco/target/config/config.properties (No such file or directory)
2026-10-01T10:40:35.4723225Z [main] WARN widoco.Configuration - Error while loading the default property file: /home/runner/work/Widoco/Widoco/target/config/config.properties (No such file or directory)
2026-10-01T10:40:35.4725182Z [main] INFO widoco.WidocoUtils - Load ontology test/coil.owl
2026-10-01T10:40:35.4726344Z [main] INFO widoco.CatalogIRIMapper - Creating JenaCatalogIRIMapper
2026-10-01T10:40:35.4727639Z [main] INFO widoco.CatalogIRIMapper - Loading 3 inputstream:ontology43212001065
2026-10-01T10:40:35.4729278Z [main] INFO widoco.CatalogIRIMapper - Loaded ont-policy ontology
2026-10-01T10:40:35.4731153Z [main] INFO widoco.CatalogIRIMapper - http://www.w3.org/2000/01/rdf-schema -> file:///test/lib/ontologies/w3c/rdf-schema.rdf
2026-10-01T10:40:35.4732981Z [main] INFO widoco.CatalogIRIMapper - http://www.w3.org/2002/07/owl -> file:///test/lib/ontologies/w3c/owl.owl
2026-10-01T10:40:35.5709451Z [main] INFO widoco.CreateResources - Generate documentation in myDoc
2026-10-01T10:40:35.5711239Z [main] INFO widoco.CreateResources - - ontology IRI: 
2026-10-01T10:40:35.5724395Z Warning at function f:isInDomain on line 2111 column 55 of extraction.xsl:
2026-10-01T10:40:35.5725865Z   SXWN9000: A function that computes atomic values should use xsl:sequence rather than xsl:value-of
2026-10-01T10:40:35.5727247Z Warning at function f:hasMembers on line 2099 column 55 of extraction.xsl:
2026-10-01T10:40:35.5731721Z   SXWN9000: A function that computes atomic values should use xsl:sequence rather than xsl:value-of
2026-10-01T10:40:35.5733091Z Warning at function f:isInRange on line 2105 column 54 of extraction.xsl:
2026-10-01T10:40:35.5734481Z   SXWN9000: A function that computes atomic values should use xsl:sequence rather than xsl:value-of
2026-10-01T10:40:35.5735960Z Warning at function f:hasSubclasses on line 2093 column 58 of extraction.xsl:
2026-10-01T10:40:35.5737430Z   SXWN9000: A function that computes atomic values should use xsl:sequence rather than xsl:value-of
2026-10-01T10:40:35.6715911Z [main] INFO widoco.LODEParser - Parsing Complete!
2026-10-01T10:40:35.6840778Z [main] INFO widoco.CreateResources - No previous version provided. No changelog produced!
2026-10-01T10:40:35.7750088Z [main] INFO widoco.WidocoUtils - Copying resource folder from lode to tmp1790851235683
2026-10-01T10:40:35.7751024Z Testing Ontology: prov-o
2026-10-01T10:40:35.7754392Z [main] WARN widoco.Configuration - Error while reading configuration properties from [/home/runner/work/Widoco/Widoco/target/config/config.properties]: /home/runner/work/Widoco/Widoco/target/config/config.properties (No such file or directory)
2026-10-01T10:40:35.7765210Z [main] WARN widoco.Configuration - Error while loading the default property file: /home/runner/work/Widoco/Widoco/target/config/config.properties (No such file or directory)
2026-10-01T10:40:35.7767297Z [main] INFO widoco.WidocoUtils - Attempting to download vocabulary in application/rdf+xml
2026-10-01T10:40:35.7769201Z [main] INFO widoco.WidocoUtils - Load ontology /home/runner/work/Widoco/Widoco/tmp1790851235683/Ontology
2026-10-01T10:40:35.7770632Z [main] INFO widoco.CatalogIRIMapper - Creating JenaCatalogIRIMapper
2026-10-01T10:40:35.7771832Z [main] INFO widoco.CatalogIRIMapper - Loading 3 inputstream:ontology43212001066
2026-10-01T10:40:35.7773038Z [main] INFO widoco.CatalogIRIMapper - Loaded ont-policy ontology
2026-10-01T10:40:35.7774563Z [main] INFO widoco.CatalogIRIMapper - http://www.w3.org/2000/01/rdf-schema -> file:///test/lib/ontologies/w3c/rdf-schema.rdf
2026-10-01T10:40:35.7776495Z [main] INFO widoco.CatalogIRIMapper - http://www.w3.org/2002/07/owl -> file:///test/lib/ontologies/w3c/owl.owl
2026-10-01T10:40:35.7779740Z [main] WARN uk.ac.manchester.cs.owl.owlapi.OWLOntologyManagerImpl - Illegal redeclarations of entities: reuse of entity http://www.w3.org/ns/prov#wasRevisionOf in punning not allowed [Declaration(AnnotationProperty(<http://www.w3.org/ns/prov#wasRevisionOf>)), Declaration(ObjectProperty(<http://www.w3.org/ns/prov#wasRevisionOf>))]
2026-10-01T10:40:35.7784470Z [main] WARN uk.ac.manchester.cs.owl.owlapi.OWLOntologyManagerImpl - Illegal redeclarations of entities: reuse of entity http://www.w3.org/ns/prov#specializationOf in punning not allowed [Declaration(ObjectProperty(<http://www.w3.org/ns/prov#specializationOf>)), Declaration(AnnotationProperty(<http://www.w3.org/ns/prov#specializationOf>))]
2026-10-01T10:40:35.7787695Z [main] INFO widoco.CreateResources - Generate documentation in myDoc
2026-10-01T10:40:35.7789130Z [main] INFO widoco.CreateResources - - ontology IRI: https://www.w3.org/ns/prov-o
2026-10-01T10:40:35.8756558Z Warning at function f:isInDomain on line 2111 column 55 of extraction.xsl:
2026-10-01T10:40:35.8760192Z   SXWN9000: A function that computes atomic values should use xsl:sequence rather than xsl:value-of
2026-10-01T10:40:35.8761807Z Warning at function f:hasMembers on line 2099 column 55 of extraction.xsl:
2026-10-01T10:40:35.8763215Z   SXWN9000: A function that computes atomic values should use xsl:sequence rather than xsl:value-of
2026-10-01T10:40:35.8764618Z Warning at function f:isInRange on line 2105 column 54 of extraction.xsl:
2026-10-01T10:40:35.8765966Z   SXWN9000: A function that computes atomic values should use xsl:sequence rather than xsl:value-of
2026-10-01T10:40:35.8767402Z Warning at function f:hasSubclasses on line 2093 column 58 of extraction.xsl:
2026-10-01T10:40:35.8769046Z   SXWN9000: A function that computes atomic values should use xsl:sequence rather than xsl:value-of
2026-10-01T10:40:36.2767545Z [main] INFO widoco.LODEParser - Parsing Complete!
2026-10-01T10:40:36.2769958Z [main] INFO widoco.CreateResources - No previous version provided. No changelog produced!
2026-10-01T10:40:36.3801691Z [main] INFO widoco.WidocoUtils - Copying resource folder from lode to tmp1790851236322
2026-10-01T10:40:36.3802746Z Testing Ontology: observation.owl
2026-10-01T10:40:36.3820903Z [main] WARN widoco.Configuration - Error while reading configuration properties from [/home/runner/work/Widoco/Widoco/target/config/config.properties]: /home/runner/work/Widoco/Widoco/target/config/config.properties (No such file or directory)
2026-10-01T10:40:36.3850161Z [main] WARN widoco.Configuration - Error while loading the default property file: /home/runner/work/Widoco/Widoco/target/config/config.properties (No such file or directory)
2026-10-01T10:40:36.3863201Z [main] INFO widoco.WidocoUtils - Load ontology test/observation.owl
2026-10-01T10:40:36.3864508Z [main] INFO widoco.CatalogIRIMapper - Creating JenaCatalogIRIMapper
2026-10-01T10:40:36.3865812Z [main] INFO widoco.CatalogIRIMapper - Loading 3 inputstream:ontology43212001067
2026-10-01T10:40:36.3867536Z [main] INFO widoco.CatalogIRIMapper - Loaded ont-policy ontology
2026-10-01T10:40:36.3869378Z [main] INFO widoco.CatalogIRIMapper - http://www.w3.org/2000/01/rdf-schema -> file:///test/lib/ontologies/w3c/rdf-schema.rdf
2026-10-01T10:40:36.3871237Z [main] INFO widoco.CatalogIRIMapper - http://www.w3.org/2002/07/owl -> file:///test/lib/ontologies/w3c/owl.owl
2026-10-01T10:40:36.3874124Z [main] INFO widoco.CreateResources - Generate documentation in myDoc
2026-10-01T10:40:36.3875295Z [main] INFO widoco.CreateResources - - ontology IRI: 
2026-10-01T10:40:36.4782294Z Warning at function f:isInDomain on line 2111 column 55 of extraction.xsl:
2026-10-01T10:40:36.4785087Z   SXWN9000: A function that computes atomic values should use xsl:sequence rather than xsl:value-of
2026-10-01T10:40:36.4786641Z Warning at function f:hasMembers on line 2099 column 55 of extraction.xsl:
2026-10-01T10:40:36.4788033Z   SXWN9000: A function that computes atomic values should use xsl:sequence rather than xsl:value-of
2026-10-01T10:40:36.4789763Z Warning at function f:isInRange on line 2105 column 54 of extraction.xsl:
2026-10-01T10:40:36.4791142Z   SXWN9000: A function that computes atomic values should use xsl:sequence rather than xsl:value-of
2026-10-01T10:40:36.4792592Z Warning at function f:hasSubclasses on line 2093 column 58 of extraction.xsl:
2026-10-01T10:40:36.4793988Z   SXWN9000: A function that computes atomic values should use xsl:sequence rather than xsl:value-of
2026-10-01T10:40:36.6506163Z [main] INFO widoco.LODEParser - Parsing Complete!
2026-10-01T10:40:36.6510251Z [main] INFO widoco.CreateResources - No previous version provided. No changelog produced!
2026-10-01T10:40:36.7794965Z [main] INFO widoco.WidocoUtils - Copying resource folder from lode to tmp1790851236650
2026-10-01T10:40:36.7797501Z [main] WARN widoco.Configuration - Error while reading configuration properties from [/home/runner/work/Widoco/Widoco/target/config/config.properties]: /home/runner/work/Widoco/Widoco/target/config/config.properties (No such file or directory)
2026-10-01T10:40:36.7801509Z [main] WARN widoco.Configuration - Error while loading the default property file: /home/runner/work/Widoco/Widoco/target/config/config.properties (No such file or directory)
2026-10-01T10:40:36.7803448Z [main] INFO widoco.WidocoUtils - Load ontology test/medatatestont.ttl
2026-10-01T10:40:36.7804557Z [main] INFO widoco.CatalogIRIMapper - Creating JenaCatalogIRIMapper
2026-10-01T10:40:36.7819140Z [main] INFO widoco.CatalogIRIMapper - Loading 3 inputstream:ontology43212001068
2026-10-01T10:40:36.7820347Z [main] INFO widoco.CatalogIRIMapper - Loaded ont-policy ontology
2026-10-01T10:40:36.7821727Z [main] INFO widoco.CatalogIRIMapper - http://www.w3.org/2000/01/rdf-schema -> file:///test/lib/ontologies/w3c/rdf-schema.rdf
2026-10-01T10:40:36.7823407Z [main] INFO widoco.CatalogIRIMapper - http://www.w3.org/2002/07/owl -> file:///test/lib/ontologies/w3c/owl.owl
2026-10-01T10:40:36.7824672Z [main] INFO widoco.CreateResources - Generate documentation in myDoc
2026-10-01T10:40:36.7825822Z [main] INFO widoco.CreateResources - - ontology IRI: https://identifier.my.ont/ont/
2026-10-01T10:40:36.7826999Z Warning at function f:isInDomain on line 2111 column 55 of extraction.xsl:
2026-10-01T10:40:36.7832305Z   SXWN9000: A function that computes atomic values should use xsl:sequence rather than xsl:value-of
2026-10-01T10:40:36.7833598Z Warning at function f:hasMembers on line 2099 column 55 of extraction.xsl:
2026-10-01T10:40:36.7834865Z   SXWN9000: A function that computes atomic values should use xsl:sequence rather than xsl:value-of
2026-10-01T10:40:36.7838821Z Warning at function f:isInRange on line 2105 column 54 of extraction.xsl:
2026-10-01T10:40:36.7840132Z   SXWN9000: A function that computes atomic values should use xsl:sequence rather than xsl:value-of
2026-10-01T10:40:36.7841428Z Warning at function f:hasSubclasses on line 2093 column 58 of extraction.xsl:
2026-10-01T10:40:36.7842771Z   SXWN9000: A function that computes atomic values should use xsl:sequence rather than xsl:value-of
2026-10-01T10:40:36.8727057Z [main] INFO widoco.LODEParser - Parsing Complete!
2026-10-01T10:40:36.8728348Z [main] INFO widoco.CreateResources - No previous version provided. No changelog produced!
2026-10-01T10:40:36.8798461Z [main] INFO widoco.WidocoUtils - Copying resource folder from lode to tmp1790851236873
2026-10-01T10:40:36.9803884Z [main] WARN widoco.Configuration - Error while reading configuration properties from [/home/runner/work/Widoco/Widoco/target/config/config.properties]: /home/runner/work/Widoco/Widoco/target/config/config.properties (No such file or directory)
2026-10-01T10:40:36.9808314Z [main] WARN widoco.Configuration - Error while loading the default property file: /home/runner/work/Widoco/Widoco/target/config/config.properties (No such file or directory)
2026-10-01T10:40:36.9810501Z [main] INFO widoco.WidocoUtils - Load ontology test/medatatestont.ttl
2026-10-01T10:40:36.9811601Z [main] INFO widoco.CatalogIRIMapper - Creating JenaCatalogIRIMapper
2026-10-01T10:40:36.9812767Z [main] INFO widoco.CatalogIRIMapper - Loading 3 inputstream:ontology43212001069
2026-10-01T10:40:36.9813964Z [main] INFO widoco.CatalogIRIMapper - Loaded ont-policy ontology
2026-10-01T10:40:36.9815330Z [main] INFO widoco.CatalogIRIMapper - http://www.w3.org/2000/01/rdf-schema -> file:///test/lib/ontologies/w3c/rdf-schema.rdf
2026-10-01T10:40:36.9816936Z [main] INFO widoco.CatalogIRIMapper - http://www.w3.org/2002/07/owl -> file:///test/lib/ontologies/w3c/owl.owl
2026-10-01T10:40:36.9818205Z [main] INFO widoco.CreateResources - Generate documentation in myDoc
2026-10-01T10:40:36.9819579Z [main] INFO widoco.CreateResources - - ontology IRI: https://identifier.my.ont/ont/
2026-10-01T10:40:36.9820737Z Warning at function f:isInDomain on line 2111 column 55 of extraction.xsl:
2026-10-01T10:40:36.9821963Z   SXWN9000: A function that computes atomic values should use xsl:sequence rather than xsl:value-of
2026-10-01T10:40:36.9823239Z Warning at function f:hasMembers on line 2099 column 55 of extraction.xsl:
2026-10-01T10:40:36.9824891Z   SXWN9000: A function that computes atomic values should use xsl:sequence rather than xsl:value-of
2026-10-01T10:40:36.9826144Z Warning at function f:isInRange on line 2105 column 54 of extraction.xsl:
2026-10-01T10:40:36.9827351Z   SXWN9000: A function that computes atomic values should use xsl:sequence rather than xsl:value-of
2026-10-01T10:40:36.9828865Z Warning at function f:hasSubclasses on line 2093 column 58 of extraction.xsl:
2026-10-01T10:40:36.9830167Z   SXWN9000: A function that computes atomic values should use xsl:sequence rather than xsl:value-of
2026-10-01T10:40:37.0742227Z [main] INFO widoco.LODEParser - Parsing Complete!
2026-10-01T10:40:37.0754611Z [main] INFO widoco.CreateResources - No previous version provided. No changelog produced!
2026-10-01T10:40:37.0804873Z [main] INFO widoco.WidocoUtils - Copying resource folder from lode to tmp1790851237074
2026-10-01T10:40:37.1813130Z [main] WARN widoco.Configuration - Error while reading configuration properties from [/home/runner/work/Widoco/Widoco/target/config/config.properties]: /home/runner/work/Widoco/Widoco/target/config/config.properties (No such file or directory)
2026-10-01T10:40:37.1816832Z [main] WARN widoco.Configuration - Error while loading the default property file: /home/runner/work/Widoco/Widoco/target/config/config.properties (No such file or directory)
2026-10-01T10:40:37.1818930Z [main] INFO widoco.WidocoUtils - Load ontology test/without_namespaces.ttl
2026-10-01T10:40:37.1820067Z [main] INFO widoco.CatalogIRIMapper - Creating JenaCatalogIRIMapper
2026-10-01T10:40:37.1821228Z [main] INFO widoco.CatalogIRIMapper - Loading 3 inputstream:ontology43212001070
2026-10-01T10:40:37.1822419Z [main] INFO widoco.CatalogIRIMapper - Loaded ont-policy ontology
2026-10-01T10:40:37.1823905Z [main] INFO widoco.CatalogIRIMapper - http://www.w3.org/2000/01/rdf-schema -> file:///test/lib/ontologies/w3c/rdf-schema.rdf
2026-10-01T10:40:37.1825617Z [main] INFO widoco.CatalogIRIMapper - http://www.w3.org/2002/07/owl -> file:///test/lib/ontologies/w3c/owl.owl
2026-10-01T10:40:37.1827475Z [main] INFO widoco.CreateResources - Generate documentation in myDoc
2026-10-01T10:40:37.1828872Z [main] INFO widoco.CreateResources - - ontology IRI: https://example.org#
2026-10-01T10:40:37.1830066Z Warning at function f:isInDomain on line 2111 column 55 of extraction.xsl:
2026-10-01T10:40:37.1831362Z   SXWN9000: A function that computes atomic values should use xsl:sequence rather than xsl:value-of
2026-10-01T10:40:37.1832658Z Warning at function f:hasMembers on line 2099 column 55 of extraction.xsl:
2026-10-01T10:40:37.1833937Z   SXWN9000: A function that computes atomic values should use xsl:sequence rather than xsl:value-of
2026-10-01T10:40:37.1835230Z Warning at function f:isInRange on line 2105 column 54 of extraction.xsl:
2026-10-01T10:40:37.1836543Z   SXWN9000: A function that computes atomic values should use xsl:sequence rather than xsl:value-of
2026-10-01T10:40:37.1837864Z Warning at function f:hasSubclasses on line 2093 column 58 of extraction.xsl:
2026-10-01T10:40:37.1839390Z   SXWN9000: A function that computes atomic values should use xsl:sequence rather than xsl:value-of
2026-10-01T10:40:37.2343147Z [main] INFO widoco.LODEParser - Parsing Complete!
2026-10-01T10:40:37.2349020Z [main] INFO widoco.CreateResources - No previous version provided. No changelog produced!
2026-10-01T10:40:37.2823530Z [main] INFO widoco.WidocoUtils - Copying resource folder from lode to tmp1790851237234
2026-10-01T10:40:37.2827029Z [main] WARN widoco.Configuration - Error while reading configuration properties from [/home/runner/work/Widoco/Widoco/target/config/config.properties]: /home/runner/work/Widoco/Widoco/target/config/config.properties (No such file or directory)
2026-10-01T10:40:37.2830670Z [main] WARN widoco.Configuration - Error while loading the default property file: /home/runner/work/Widoco/Widoco/target/config/config.properties (No such file or directory)
2026-10-01T10:40:37.2859425Z [main] INFO widoco.WidocoUtils - Load ontology test/example_test.owl
2026-10-01T10:40:37.2869780Z [main] INFO widoco.CatalogIRIMapper - Creating JenaCatalogIRIMapper
2026-10-01T10:40:37.2899947Z [main] INFO widoco.CatalogIRIMapper - Loading 3 inputstream:ontology43212001071
2026-10-01T10:40:37.2929529Z [main] INFO widoco.CatalogIRIMapper - Loaded ont-policy ontology
2026-10-01T10:40:37.2969798Z [main] INFO widoco.CatalogIRIMapper - http://www.w3.org/2000/01/rdf-schema -> file:///test/lib/ontologies/w3c/rdf-schema.rdf
2026-10-01T10:40:37.2998947Z [main] INFO widoco.CatalogIRIMapper - http://www.w3.org/2002/07/owl -> file:///test/lib/ontologies/w3c/owl.owl
2026-10-01T10:40:37.3022051Z [main] INFO widoco.CreateResources - Generate documentation in myDoc
2026-10-01T10:40:37.3030062Z [main] INFO widoco.CreateResources - - ontology IRI: https://w3id.org/example
2026-10-01T10:40:37.3829378Z Warning at function f:isInDomain on line 2111 column 55 of extraction.xsl:
2026-10-01T10:40:37.3831296Z   SXWN9000: A function that computes atomic values should use xsl:sequence rather than xsl:value-of
2026-10-01T10:40:37.3832776Z Warning at function f:hasMembers on line 2099 column 55 of extraction.xsl:
2026-10-01T10:40:37.3834042Z   SXWN9000: A function that computes atomic values should use xsl:sequence rather than xsl:value-of
2026-10-01T10:40:37.3835315Z Warning at function f:isInRange on line 2105 column 54 of extraction.xsl:
2026-10-01T10:40:37.3836567Z   SXWN9000: A function that computes atomic values should use xsl:sequence rather than xsl:value-of
2026-10-01T10:40:37.3837831Z Warning at function f:hasSubclasses on line 2093 column 58 of extraction.xsl:
2026-10-01T10:40:37.3839319Z   SXWN9000: A function that computes atomic values should use xsl:sequence rather than xsl:value-of
2026-10-01T10:40:37.4836649Z [main] INFO widoco.LODEParser - Parsing Complete!
2026-10-01T10:40:37.5767728Z [main] INFO widoco.CreateResources - Attempting to generate an automated changelog
2026-10-01T10:40:37.5772716Z Downloading old ontology https://w3id.org/example/1.0.0
2026-10-01T10:40:37.5775056Z [main] INFO widoco.WidocoUtils - Attempting to download vocabulary in application/rdf+xml
2026-10-01T10:40:37.5776088Z [main] INFO diff.CompareOntologies - old ontology version loaded
2026-10-01T10:40:37.5776940Z [main] INFO widoco.CreateResources - Changelog successfully created
2026-10-01T10:40:37.6036865Z [INFO] Tests run: 11, Failures: 0, Errors: 0, Skipped: 0, Time elapsed: 8.186 s -- in widoco.CreateDocInThreadTest
2026-10-01T10:40:37.6059691Z [INFO] Running widoco.ExternalEntitiesTest
2026-10-01T10:40:37.6850067Z [main] INFO widoco.WidocoUtils - Copying resource folder from lode to tmp1790851237587
2026-10-01T10:40:37.6851024Z Testing Ontology: External Entity
2026-10-01T10:40:37.6853068Z [main] WARN widoco.Configuration - Error while reading configuration properties from [/home/runner/work/Widoco/Widoco/target/config/config.properties]: /home/runner/work/Widoco/Widoco/target/config/config.properties (No such file or directory)
2026-10-01T10:40:37.6856176Z [main] WARN widoco.Configuration - Error while loading the default property file: /home/runner/work/Widoco/Widoco/target/config/config.properties (No such file or directory)
2026-10-01T10:40:37.6858137Z [main] INFO widoco.WidocoUtils - Load ontology /tmp/external-entity7362321064125457313/external-entity.ttl
2026-10-01T10:40:37.6859657Z [main] INFO widoco.CatalogIRIMapper - Creating JenaCatalogIRIMapper
2026-10-01T10:40:37.6864754Z [main] INFO widoco.CatalogIRIMapper - Loading 3 inputstream:ontology43212001072
2026-10-01T10:40:37.6865916Z [main] INFO widoco.CatalogIRIMapper - Loaded ont-policy ontology
2026-10-01T10:40:37.6867410Z [main] INFO widoco.CatalogIRIMapper - http://www.w3.org/2000/01/rdf-schema -> file:///test/lib/ontologies/w3c/rdf-schema.rdf
2026-10-01T10:40:37.6869540Z [main] INFO widoco.CatalogIRIMapper - http://www.w3.org/2002/07/owl -> file:///test/lib/ontologies/w3c/owl.owl
2026-10-01T10:40:37.6870978Z [main] INFO widoco.CreateResources - Generate documentation in myDoc
2026-10-01T10:40:37.6872033Z [main] INFO widoco.CreateResources - - ontology IRI: 
2026-10-01T10:40:37.7861870Z Warning at function f:isInDomain on line 2111 column 55 of extraction.xsl:
2026-10-01T10:40:37.7870805Z   SXWN9000: A function that computes atomic values should use xsl:sequence rather than xsl:value-of
2026-10-01T10:40:37.7899557Z Warning at function f:hasMembers on line 2099 column 55 of extraction.xsl:
2026-10-01T10:40:37.7915568Z   SXWN9000: A function that computes atomic values should use xsl:sequence rather than xsl:value-of
2026-10-01T10:40:37.7920759Z Warning at function f:isInRange on line 2105 column 54 of extraction.xsl:
2026-10-01T10:40:37.7922103Z   SXWN9000: A function that computes atomic values should use xsl:sequence rather than xsl:value-of
2026-10-01T10:40:37.7923429Z Warning at function f:hasSubclasses on line 2093 column 58 of extraction.xsl:
2026-10-01T10:40:37.7924757Z   SXWN9000: A function that computes atomic values should use xsl:sequence rather than xsl:value-of
2026-10-01T10:40:37.8612055Z [main] INFO widoco.LODEParser - Parsing Complete!
2026-10-01T10:40:37.8629968Z [main] INFO widoco.CreateResources - No previous version provided. No changelog produced!
2026-10-01T10:40:37.8760237Z [INFO] Tests run: 1, Failures: 0, Errors: 0, Skipped: 0, Time elapsed: 0.265 s -- in widoco.ExternalEntitiesTest
2026-10-01T10:40:37.8789833Z [INFO] Running widoco.MetadataSecurityTest
2026-10-01T10:40:37.8879491Z [main] INFO widoco.WidocoUtils - Copying resource folder from lode to tmp1790851237867
2026-10-01T10:40:37.8910479Z [main] WARN widoco.Configuration - Error while reading configuration properties from [/home/runner/work/Widoco/Widoco/target/config/config.properties]: /home/runner/work/Widoco/Widoco/target/config/config.properties (No such file or directory)
2026-10-01T10:40:37.8930293Z [main] WARN widoco.Configuration - Error while loading the default property file: /home/runner/work/Widoco/Widoco/target/config/config.properties (No such file or directory)
2026-10-01T10:40:37.8979688Z [main] INFO widoco.WidocoUtils - Copying resource folder from lode to tmp1790851237886
2026-10-01T10:40:37.8988402Z [main] WARN widoco.Configuration - Error while reading configuration properties from [/home/runner/work/Widoco/Widoco/target/config/config.properties]: /home/runner/work/Widoco/Widoco/target/config/config.properties (No such file or directory)
2026-10-01T10:40:37.8991700Z [main] WARN widoco.Configuration - Error while loading the default property file: /home/runner/work/Widoco/Widoco/target/config/config.properties (No such file or directory)
2026-10-01T10:40:37.9056782Z [INFO] Tests run: 2, Failures: 0, Errors: 0, Skipped: 0, Time elapsed: 0.022 s -- in widoco.MetadataSecurityTest
2026-10-01T10:40:37.9069563Z [INFO] Running widoco.TestJenaCatalogIRIMapper
2026-10-01T10:40:37.9072848Z [main] INFO widoco.CatalogIRIMapper - Creating JenaCatalogIRIMapper
2026-10-01T10:40:37.9074401Z [main] INFO widoco.CatalogIRIMapper - Loading 3 inputstream:ontology43212001073
2026-10-01T10:40:37.9080450Z [main] INFO widoco.CatalogIRIMapper - Loaded ont-policy ontology
2026-10-01T10:40:37.9121700Z [main] INFO widoco.CatalogIRIMapper - http://www.w3.org/2000/01/rdf-schema -> file:///test/lib/ontologies/w3c/rdf-schema.rdf
2026-10-01T10:40:37.9129294Z [main] INFO widoco.CatalogIRIMapper - http://www.w3.org/2002/07/owl -> file:///test/lib/ontologies/w3c/owl.owl
2026-10-01T10:40:37.9130599Z [INFO] Tests run: 4, Failures: 0, Errors: 0, Skipped: 0, Time elapsed: 0.004 s -- in widoco.TestJenaCatalogIRIMapper
2026-10-01T10:40:37.9360959Z [INFO] 
2026-10-01T10:40:37.9361384Z [INFO] Results:
2026-10-01T10:40:37.9361763Z [INFO] 
2026-10-01T10:40:37.9365051Z [INFO] Tests run: 25, Failures: 0, Errors: 0, Skipped: 0
2026-10-01T10:40:37.9365654Z [INFO] 
2026-10-01T10:40:37.9397272Z [INFO] 
2026-10-01T10:40:37.9397763Z [INFO] --- jar:3.5.0:jar (default-jar) @ widoco ---
2026-10-01T10:40:38.1695083Z [INFO] Building jar: /home/runner/work/Widoco/Widoco/target/widoco-1.4.26.jar
2026-10-01T10:40:38.4009639Z [INFO] 
2026-10-01T10:40:38.4042537Z [INFO] --- shade:3.6.1:shade (default) @ widoco ---
2026-10-01T10:40:39.0195446Z [WARNING] Discovered module-info.class. Shading will break its strong encapsulation.
2026-10-01T10:40:39.0213861Z [WARNING] Discovered module-info.class. Shading will break its strong encapsulation.
2026-10-01T10:40:39.3430478Z [WARNING] Discovered module-info.class. Shading will break its strong encapsulation.
2026-10-01T10:40:39.4789745Z [WARNING] Discovered module-info.class. Shading will break its strong encapsulation.
2026-10-01T10:40:40.3074186Z [WARNING] Discovered module-info.class. Shading will break its strong encapsulation.
2026-10-01T10:40:40.7415075Z [WARNING] owlapi-distribution-5.1.18.jar, owlapi-impl-5.1.18.jar define 202 overlapping classes and resources: 
2026-10-01T10:40:40.7416608Z [WARNING]   - META-INF/maven/net.sourceforge.owlapi/owlapi-impl/pom.properties
2026-10-01T10:40:40.7417764Z [WARNING]   - META-INF/maven/net.sourceforge.owlapi/owlapi-impl/pom.xml
2026-10-01T10:40:40.7419079Z [WARNING]   - org.semanticweb.owlapi.reasoner.impl.DefaultNode
2026-10-01T10:40:40.7420183Z [WARNING]   - org.semanticweb.owlapi.reasoner.impl.DefaultNodeSet
2026-10-01T10:40:40.7421204Z [WARNING]   - org.semanticweb.owlapi.reasoner.impl.NodeFactory
2026-10-01T10:40:40.7422235Z [WARNING]   - org.semanticweb.owlapi.reasoner.impl.OWLClassNode
2026-10-01T10:40:40.7423539Z [WARNING]   - org.semanticweb.owlapi.reasoner.impl.OWLClassNodeSet
2026-10-01T10:40:40.7424832Z [WARNING]   - org.semanticweb.owlapi.reasoner.impl.OWLDataPropertyNode
2026-10-01T10:40:40.7426092Z [WARNING]   - org.semanticweb.owlapi.reasoner.impl.OWLDataPropertyNodeSet
2026-10-01T10:40:40.7427367Z [WARNING]   - org.semanticweb.owlapi.reasoner.impl.OWLDatatypeNode
2026-10-01T10:40:40.7428295Z [WARNING]   - 192 more...
2026-10-01T10:40:40.7429708Z [WARNING] httpclient-cache-4.5.14.jar, httpclient-osgi-4.5.14.jar define 85 overlapping classes and resources: 
2026-10-01T10:40:40.7431381Z [WARNING]   - META-INF/maven/org.apache.httpcomponents/httpclient-cache/pom.properties
2026-10-01T10:40:40.7433135Z [WARNING]   - META-INF/maven/org.apache.httpcomponents/httpclient-cache/pom.xml
2026-10-01T10:40:40.7434351Z [WARNING]   - org.apache.http.client.cache.CacheResponseStatus
2026-10-01T10:40:40.7435580Z [WARNING]   - org.apache.http.client.cache.HeaderConstants
2026-10-01T10:40:40.7436625Z [WARNING]   - org.apache.http.client.cache.HttpCacheContext
2026-10-01T10:40:40.7437683Z [WARNING]   - org.apache.http.client.cache.HttpCacheEntry
2026-10-01T10:40:40.7439182Z [WARNING]   - org.apache.http.client.cache.HttpCacheEntrySerializationException
2026-10-01T10:40:40.7440320Z [WARNING]   - org.apache.http.client.cache.HttpCacheEntrySerializer
2026-10-01T10:40:40.7441280Z [WARNING]   - org.apache.http.client.cache.HttpCacheInvalidator
2026-10-01T10:40:40.7442170Z [WARNING]   - org.apache.http.client.cache.HttpCacheStorage
2026-10-01T10:40:40.7442827Z [WARNING]   - 75 more...
2026-10-01T10:40:40.7443852Z [WARNING] owlapi-compatibility-5.1.18.jar, owlapi-distribution-5.1.18.jar define 103 overlapping classes and resources: 
2026-10-01T10:40:40.7445400Z [WARNING]   - META-INF/maven/net.sourceforge.owlapi/owlapi-compatibility/pom.properties
2026-10-01T10:40:40.7446605Z [WARNING]   - META-INF/maven/net.sourceforge.owlapi/owlapi-compatibility/pom.xml
2026-10-01T10:40:40.7447670Z [WARNING]   - de.uulm.ecs.ai.owlapi.krssparser.KRSS2OntologyFormat
2026-10-01T10:40:40.7448786Z [WARNING]   - org.coode.owl.krssparser.KRSSOntologyFormat
2026-10-01T10:40:40.7449712Z [WARNING]   - org.coode.owlapi.latex.LatexAxiomsListOntologyFormat
2026-10-01T10:40:40.7450600Z [WARNING]   - org.coode.owlapi.latex.LatexOntologyFormat
2026-10-01T10:40:40.7451378Z [WARNING]   - org.coode.owlapi.latex.package-info
2026-10-01T10:40:40.7452288Z [WARNING]   - org.coode.owlapi.manchesterowlsyntax.ManchesterOWLSyntax
2026-10-01T10:40:40.7453565Z [WARNING]   - org.coode.owlapi.manchesterowlsyntax.ManchesterOWLSyntaxClassExpressionParser
2026-10-01T10:40:40.7454967Z [WARNING]   - org.coode.owlapi.manchesterowlsyntax.ManchesterOWLSyntaxClassFrameParser
2026-10-01T10:40:40.7455885Z [WARNING]   - 93 more...
2026-10-01T10:40:40.7457775Z [WARNING] commons-io-2.18.0.jar, commons-lang3-3.18.0.jar, error_prone_annotations-2.36.0.jar, j2objc-annotations-3.0.0.jar, jackson-core-2.18.11.jar, jackson-databind-2.18.11.jar define 1 overlapping classes: 
2026-10-01T10:40:40.7463893Z [WARNING]   - META-INF.versions.9.module-info
2026-10-01T10:40:40.7465034Z [WARNING] owlapi-distribution-5.1.18.jar, owlapi-rio-5.1.18.jar define 74 overlapping classes and resources: 
2026-10-01T10:40:40.7466398Z [WARNING]   - META-INF/maven/net.sourceforge.owlapi/owlapi-rio/pom.properties
2026-10-01T10:40:40.7467548Z [WARNING]   - META-INF/maven/net.sourceforge.owlapi/owlapi-rio/pom.xml
2026-10-01T10:40:40.7469207Z [WARNING]   - org.semanticweb.owlapi.formats.AbstractRioRDFDocumentFormatFactory
2026-10-01T10:40:40.7470383Z [WARNING]   - org.semanticweb.owlapi.formats.BinaryRDFDocumentFormat
2026-10-01T10:40:40.7471454Z [WARNING]   - org.semanticweb.owlapi.formats.BinaryRDFDocumentFormatFactory
2026-10-01T10:40:40.7472558Z [WARNING]   - org.semanticweb.owlapi.formats.HDTRDFDocumentFormat
2026-10-01T10:40:40.7473618Z [WARNING]   - org.semanticweb.owlapi.formats.HDTRDFDocumentFormatFactory
2026-10-01T10:40:40.7474619Z [WARNING]   - org.semanticweb.owlapi.formats.N3DocumentFormat
2026-10-01T10:40:40.7475618Z [WARNING]   - org.semanticweb.owlapi.formats.N3DocumentFormatFactory
2026-10-01T10:40:40.7476660Z [WARNING]   - org.semanticweb.owlapi.formats.NQuadsDocumentFormat
2026-10-01T10:40:40.7477421Z [WARNING]   - 64 more...
2026-10-01T10:40:40.7478437Z [WARNING] owlapi-distribution-5.1.18.jar, owlapi-parsers-5.1.18.jar define 464 overlapping classes and resources: 
2026-10-01T10:40:40.7490790Z [WARNING]   - META-INF/maven/net.sourceforge.owlapi/owlapi-parsers/pom.properties
2026-10-01T10:40:40.7491734Z [WARNING]   - META-INF/maven/net.sourceforge.owlapi/owlapi-parsers/pom.xml
2026-10-01T10:40:40.7492289Z [WARNING]   - org.semanticweb.owlapi.dlsyntax.package-info
2026-10-01T10:40:40.7493366Z [WARNING]   - org.semanticweb.owlapi.dlsyntax.parser.DLSyntaxOWLParser
2026-10-01T10:40:40.7494301Z [WARNING]   - org.semanticweb.owlapi.dlsyntax.parser.DLSyntaxOWLParserFactory
2026-10-01T10:40:40.7494925Z [WARNING]   - org.semanticweb.owlapi.dlsyntax.parser.DLSyntaxParser
2026-10-01T10:40:40.7495516Z [WARNING]   - org.semanticweb.owlapi.dlsyntax.parser.DLSyntaxParser$1
2026-10-01T10:40:40.7496279Z [WARNING]   - org.semanticweb.owlapi.dlsyntax.parser.DLSyntaxParser$JJCalls
2026-10-01T10:40:40.7496938Z [WARNING]   - org.semanticweb.owlapi.dlsyntax.parser.DLSyntaxParser$LookaheadSuccess
2026-10-01T10:40:40.7498061Z [WARNING]   - org.semanticweb.owlapi.dlsyntax.parser.DLSyntaxParserConstants
2026-10-01T10:40:40.7499149Z [WARNING]   - 454 more...
2026-10-01T10:40:40.7500093Z [WARNING] owlapi-api-5.1.18.jar, owlapi-distribution-5.1.18.jar define 922 overlapping classes and resources: 
2026-10-01T10:40:40.7500833Z [WARNING]   - META-INF/maven/net.sourceforge.owlapi/owlapi-api/pom.properties
2026-10-01T10:40:40.7501399Z [WARNING]   - META-INF/maven/net.sourceforge.owlapi/owlapi-api/pom.xml
2026-10-01T10:40:40.7501928Z [WARNING]   - org.semanticweb.owlapi.annotations.HasPriority
2026-10-01T10:40:40.7502489Z [WARNING]   - org.semanticweb.owlapi.change.AbstractCompositeOntologyChange
2026-10-01T10:40:40.7503034Z [WARNING]   - org.semanticweb.owlapi.change.AddAxiomData
2026-10-01T10:40:40.7503563Z [WARNING]   - org.semanticweb.owlapi.change.AddClassExpressionClosureAxiom
2026-10-01T10:40:40.7504246Z [WARNING]   - org.semanticweb.owlapi.change.AddClassExpressionClosureAxiom$FillerCollector
2026-10-01T10:40:40.7504988Z [WARNING]   - org.semanticweb.owlapi.change.AddImportData
2026-10-01T10:40:40.7505500Z [WARNING]   - org.semanticweb.owlapi.change.AddOntologyAnnotationData
2026-10-01T10:40:40.7506056Z [WARNING]   - org.semanticweb.owlapi.change.AmalgamateSubClassAxioms
2026-10-01T10:40:40.7506470Z [WARNING]   - 912 more...
2026-10-01T10:40:40.7506978Z [WARNING] commons-codec-1.11.jar, httpclient-osgi-4.5.14.jar define 226 overlapping classes and resources: 
2026-10-01T10:40:40.7507656Z [WARNING]   - META-INF/maven/commons-codec/commons-codec/pom.properties
2026-10-01T10:40:40.7508330Z [WARNING]   - META-INF/maven/commons-codec/commons-codec/pom.xml
2026-10-01T10:40:40.7509145Z [WARNING]   - org.apache.commons.codec.BinaryDecoder
2026-10-01T10:40:40.7509944Z [WARNING]   - org.apache.commons.codec.BinaryEncoder
2026-10-01T10:40:40.7510477Z [WARNING]   - org.apache.commons.codec.CharEncoding
2026-10-01T10:40:40.7511252Z [WARNING]   - org.apache.commons.codec.Charsets
2026-10-01T10:40:40.7512033Z [WARNING]   - org.apache.commons.codec.Decoder
2026-10-01T10:40:40.7512741Z [WARNING]   - org.apache.commons.codec.DecoderException
2026-10-01T10:40:40.7513155Z [WARNING]   - org.apache.commons.codec.Encoder
2026-10-01T10:40:40.7513561Z [WARNING]   - org.apache.commons.codec.EncoderException
2026-10-01T10:40:40.7513920Z [WARNING]   - 216 more...
2026-10-01T10:40:40.7515635Z [WARNING] commons-rdf-api-0.5.0.jar, fluent-hc-4.5.14.jar, httpclient-4.5.14.jar, httpclient-cache-4.5.14.jar, httpclient-osgi-4.5.14.jar, httpcore-4.4.16.jar, httpcore-nio-4.4.16.jar, httpcore-osgi-4.4.16.jar, httpmime-4.5.14.jar, jackson-annotations-2.18.11.jar, jackson-core-2.18.11.jar, jackson-databind-2.18.11.jar, log4j-api-2.25.5.jar, log4j-to-slf4j-2.25.5.jar, maven-model-3.9.11.jar, plexus-utils-3.6.1.jar define 1 overlapping resource: 
2026-10-01T10:40:40.7517332Z [WARNING]   - META-INF/NOTICE
2026-10-01T10:40:40.7518808Z [WARNING] fluent-hc-4.5.14.jar, httpclient-4.5.14.jar, httpclient-cache-4.5.14.jar, httpclient-osgi-4.5.14.jar, httpcore-4.4.16.jar, httpcore-nio-4.4.16.jar, httpcore-osgi-4.4.16.jar, httpmime-4.5.14.jar, log4j-api-2.25.5.jar, log4j-to-slf4j-2.25.5.jar, maven-model-3.9.11.jar define 1 overlapping resource: 
2026-10-01T10:40:40.7520658Z [WARNING]   - META-INF/DEPENDENCIES
2026-10-01T10:40:40.7521419Z [WARNING] commons-codec-1.11.jar, commons-io-2.18.0.jar, commons-lang3-3.18.0.jar, commons-logging-1.2.jar, httpclient-osgi-4.5.14.jar define 1 overlapping resource: 
2026-10-01T10:40:40.7522363Z [WARNING]   - META-INF/NOTICE.txt
2026-10-01T10:40:40.7522901Z [WARNING] httpcore-4.4.16.jar, httpcore-osgi-4.4.16.jar define 256 overlapping classes and resources: 
2026-10-01T10:40:40.7523588Z [WARNING]   - META-INF/maven/org.apache.httpcomponents/httpcore/pom.properties
2026-10-01T10:40:40.7524167Z [WARNING]   - META-INF/maven/org.apache.httpcomponents/httpcore/pom.xml
2026-10-01T10:40:40.7524658Z [WARNING]   - org.apache.http.ConnectionClosedException
2026-10-01T10:40:40.7525102Z [WARNING]   - org.apache.http.ConnectionReuseStrategy
2026-10-01T10:40:40.7525471Z [WARNING]   - org.apache.http.Consts
2026-10-01T10:40:40.7525845Z [WARNING]   - org.apache.http.ContentTooLongException
2026-10-01T10:40:40.7526236Z [WARNING]   - org.apache.http.ExceptionLogger
2026-10-01T10:40:40.7526625Z [WARNING]   - org.apache.http.ExceptionLogger$1
2026-10-01T10:40:40.7527007Z [WARNING]   - org.apache.http.ExceptionLogger$2
2026-10-01T10:40:40.7527375Z [WARNING]   - org.apache.http.FormattedHeader
2026-10-01T10:40:40.7527704Z [WARNING]   - 246 more...
2026-10-01T10:40:40.7528250Z [WARNING] owlapi-apibinding-5.1.18.jar, owlapi-distribution-5.1.18.jar define 6 overlapping classes and resources: 
2026-10-01T10:40:40.7529326Z [WARNING]   - META-INF/maven/net.sourceforge.owlapi/owlapi-apibinding/pom.properties
2026-10-01T10:40:40.7529938Z [WARNING]   - META-INF/maven/net.sourceforge.owlapi/owlapi-apibinding/pom.xml
2026-10-01T10:40:40.7530542Z [WARNING]   - org.semanticweb.owlapi.apibinding.OWLFunctionalSyntaxFactory
2026-10-01T10:40:40.7531074Z [WARNING]   - org.semanticweb.owlapi.apibinding.OWLManager
2026-10-01T10:40:40.7531613Z [WARNING]   - org.semanticweb.owlapi.apibinding.OWLManager$InjectorConstants
2026-10-01T10:40:40.7532161Z [WARNING]   - org.semanticweb.owlapi.apibinding.package-info
2026-10-01T10:40:40.7533000Z [WARNING] fluent-hc-4.5.14.jar, httpclient-osgi-4.5.14.jar define 16 overlapping classes and resources: 
2026-10-01T10:40:40.7534361Z [WARNING]   - META-INF/maven/org.apache.httpcomponents/fluent-hc/pom.properties
2026-10-01T10:40:40.7535516Z [WARNING]   - META-INF/maven/org.apache.httpcomponents/fluent-hc/pom.xml
2026-10-01T10:40:40.7536682Z [WARNING]   - org.apache.http.client.fluent.Async
2026-10-01T10:40:40.7537639Z [WARNING]   - org.apache.http.client.fluent.Async$ExecRunnable
2026-10-01T10:40:40.7538819Z [WARNING]   - org.apache.http.client.fluent.Content
2026-10-01T10:40:40.7539773Z [WARNING]   - org.apache.http.client.fluent.ContentResponseHandler
2026-10-01T10:40:40.7540683Z [WARNING]   - org.apache.http.client.fluent.Executor
2026-10-01T10:40:40.7541456Z [WARNING]   - org.apache.http.client.fluent.Form
2026-10-01T10:40:40.7542255Z [WARNING]   - org.apache.http.client.fluent.HttpHeader
2026-10-01T10:40:40.7543182Z [WARNING]   - org.apache.http.client.fluent.InternalByteArrayEntity
2026-10-01T10:40:40.7543936Z [WARNING]   - 6 more...
2026-10-01T10:40:40.7547460Z [WARNING] caffeine-2.8.1.jar, commons-rdf-api-0.5.0.jar, fluent-hc-4.5.14.jar, guava-33.4.0-jre.jar, httpclient-4.5.14.jar, httpclient-cache-4.5.14.jar, httpclient-osgi-4.5.14.jar, httpcore-4.4.16.jar, httpcore-nio-4.4.16.jar, httpcore-osgi-4.4.16.jar, httpmime-4.5.14.jar, jackson-annotations-2.18.11.jar, jackson-core-2.18.11.jar, jackson-databind-2.18.11.jar, log4j-api-2.25.5.jar, log4j-to-slf4j-2.25.5.jar, maven-model-3.9.11.jar, plexus-utils-3.6.1.jar define 1 overlapping resource: 
2026-10-01T10:40:40.7551164Z [WARNING]   - META-INF/LICENSE
2026-10-01T10:40:40.7561806Z [WARNING] Saxon-HE-10.9.jar, caffeine-2.8.1.jar, checker-qual-3.43.0.jar, commons-codec-1.11.jar, commons-io-2.18.0.jar, commons-lang3-3.18.0.jar, commons-logging-1.2.jar, commons-rdf-api-0.5.0.jar, error_prone_annotations-2.36.0.jar, failureaccess-1.0.2.jar, fluent-hc-4.5.14.jar, guava-33.4.0-jre.jar, hppcrt-0.7.5.jar, httpclient-4.5.14.jar, httpclient-cache-4.5.14.jar, httpclient-osgi-4.5.14.jar, httpcore-4.4.16.jar, httpcore-nio-4.4.16.jar, httpcore-osgi-4.4.16.jar, httpmime-4.5.14.jar, j2objc-annotations-3.0.0.jar, jackson-annotations-2.18.11.jar, jackson-core-2.18.11.jar, jackson-databind-2.18.11.jar, jakarta.annotation-api-2.1.1.jar, jcl-over-slf4j-1.7.22.jar, json-simple-1.1.jar, jsonld-java-0.13.0.jar, jsoup-1.23.1.jar, jsr305-3.0.2.jar, listenablefuture-9999.0-empty-to-avoid-conflict-with-guava.jar, log4j-api-2.25.5.jar, log4j-to-slf4j-2.25.5.jar, maven-model-3.9.11.jar, owl2vowl-core-1.0.0-teamdigitale-5cdef094.jar, owlapi-api-5.1.18.jar, owlapi-apibinding-5.1.18.jar, owlapi-compatibility-5.1.18.jar, owlapi-distribution-5.1.18.jar, owlapi-impl-5.1.18.jar, owlapi-oboformat-5.1.18.jar, owlapi-parsers-5.1.18.jar, owlapi-rio-5.1.18.jar, owlapi-tools-5.1.18.jar, plexus-utils-3.6.1.jar, rdf4j-model-3.4.3.jar, rdf4j-rio-api-3.4.3.jar, rdf4j-rio-binary-3.4.3.jar, rdf4j-rio-datatypes-3.4.3.jar, rdf4j-rio-hdt-3.4.3.jar, rdf4j-rio-jsonld-3.4.3.jar, rdf4j-rio-languages-3.4.3.jar, rdf4j-rio-n3-3.4.3.jar, rdf4j-rio-nquads-3.4.3.jar, rdf4j-rio-ntriples-3.4.3.jar, rdf4j-rio-rdfjson-3.4.3.jar, rdf4j-rio-rdfxml-3.4.3.jar, rdf4j-rio-trig-3.4.3.jar, rdf4j-rio-trix-3.4.3.jar, rdf4j-rio-turtle-3.4.3.jar, rdf4j-util-3.4.3.jar, slf4j-api-1.7.36.jar, slf4j-simple-1.7.36.jar, widoco-1.4.26.jar, xz-1.6.jar define 1 overlapping resource: 
2026-10-01T10:40:40.7569416Z [WARNING]   - META-INF/MANIFEST.MF
2026-10-01T10:40:40.7570408Z [WARNING] owlapi-distribution-5.1.18.jar, owlapi-oboformat-5.1.18.jar define 80 overlapping classes and resources: 
2026-10-01T10:40:40.7571920Z [WARNING]   - META-INF/maven/net.sourceforge.owlapi/owlapi-oboformat/pom.properties
2026-10-01T10:40:40.7573144Z [WARNING]   - META-INF/maven/net.sourceforge.owlapi/owlapi-oboformat/pom.xml
2026-10-01T10:40:40.7574146Z [WARNING]   - org.obolibrary.macro.AbstractDataVisitorEx
2026-10-01T10:40:40.7575067Z [WARNING]   - org.obolibrary.macro.AbstractMacroExpansionVisitor
2026-10-01T10:40:40.7576341Z [WARNING]   - org.obolibrary.macro.AbstractMacroExpansionVisitor$AbstractClassExpressionVisitorEx
2026-10-01T10:40:40.7577282Z [WARNING]   - org.obolibrary.macro.MacroExpansionGCIVisitor
2026-10-01T10:40:40.7577831Z [WARNING]   - org.obolibrary.macro.MacroExpansionGCIVisitor$GCIVisitor
2026-10-01T10:40:40.7579067Z [WARNING]   - org.obolibrary.macro.MacroExpansionGCIVisitor$GCIVisitor$ClassVisitor
2026-10-01T10:40:40.7579738Z [WARNING]   - org.obolibrary.macro.MacroExpansionGCIVisitor$MacroExpansions
2026-10-01T10:40:40.7580825Z [WARNING]   - org.obolibrary.macro.MacroExpansionVisitor
2026-10-01T10:40:40.7581494Z [WARNING]   - 70 more...
2026-10-01T10:40:40.7582388Z [WARNING] httpcore-nio-4.4.16.jar, httpcore-osgi-4.4.16.jar define 245 overlapping classes and resources: 
2026-10-01T10:40:40.7583364Z [WARNING]   - META-INF/maven/org.apache.httpcomponents/httpcore-nio/pom.properties
2026-10-01T10:40:40.7583986Z [WARNING]   - META-INF/maven/org.apache.httpcomponents/httpcore-nio/pom.xml
2026-10-01T10:40:40.7584555Z [WARNING]   - org.apache.http.impl.nio.DefaultClientIOEventDispatch
2026-10-01T10:40:40.7585104Z [WARNING]   - org.apache.http.impl.nio.DefaultHttpClientIODispatch
2026-10-01T10:40:40.7585636Z [WARNING]   - org.apache.http.impl.nio.DefaultHttpServerIODispatch
2026-10-01T10:40:40.7586395Z [WARNING]   - org.apache.http.impl.nio.DefaultNHttpClientConnection
2026-10-01T10:40:40.7586978Z [WARNING]   - org.apache.http.impl.nio.DefaultNHttpClientConnectionFactory
2026-10-01T10:40:40.7587548Z [WARNING]   - org.apache.http.impl.nio.DefaultNHttpServerConnection
2026-10-01T10:40:40.7588108Z [WARNING]   - org.apache.http.impl.nio.DefaultNHttpServerConnectionFactory
2026-10-01T10:40:40.7588815Z [WARNING]   - org.apache.http.impl.nio.DefaultServerIOEventDispatch
2026-10-01T10:40:40.7589224Z [WARNING]   - 235 more...
2026-10-01T10:40:40.7589764Z [WARNING] owlapi-distribution-5.1.18.jar, owlapi-tools-5.1.18.jar define 164 overlapping classes and resources: 
2026-10-01T10:40:40.7590779Z [WARNING]   - META-INF/maven/net.sourceforge.owlapi/owlapi-tools/pom.properties
2026-10-01T10:40:40.7591904Z [WARNING]   - META-INF/maven/net.sourceforge.owlapi/owlapi-tools/pom.xml
2026-10-01T10:40:40.7592979Z [WARNING]   - com.clarkparsia.owlapi.explanation.AxiomConverter
2026-10-01T10:40:40.7594320Z [WARNING]   - com.clarkparsia.owlapi.explanation.BlackBoxExplanation
2026-10-01T10:40:40.7595546Z [WARNING]   - com.clarkparsia.owlapi.explanation.DefaultExplanationGenerator
2026-10-01T10:40:40.7596743Z [WARNING]   - com.clarkparsia.owlapi.explanation.ExplanationGenerator
2026-10-01T10:40:40.7597872Z [WARNING]   - com.clarkparsia.owlapi.explanation.HSTExplanationGenerator
2026-10-01T10:40:40.7599318Z [WARNING]   - com.clarkparsia.owlapi.explanation.MultipleExplanationGenerator
2026-10-01T10:40:40.7600502Z [WARNING]   - com.clarkparsia.owlapi.explanation.SatisfiabilityConverter
2026-10-01T10:40:40.7601703Z [WARNING]   - com.clarkparsia.owlapi.explanation.SingleExplanationGenerator
2026-10-01T10:40:40.7602535Z [WARNING]   - 154 more...
2026-10-01T10:40:40.7603361Z [WARNING] commons-logging-1.2.jar, jcl-over-slf4j-1.7.22.jar define 6 overlapping classes: 
2026-10-01T10:40:40.7604356Z [WARNING]   - org.apache.commons.logging.Log
2026-10-01T10:40:40.7605229Z [WARNING]   - org.apache.commons.logging.LogConfigurationException
2026-10-01T10:40:40.7606120Z [WARNING]   - org.apache.commons.logging.LogFactory
2026-10-01T10:40:40.7606906Z [WARNING]   - org.apache.commons.logging.impl.NoOpLog
2026-10-01T10:40:40.7607705Z [WARNING]   - org.apache.commons.logging.impl.SimpleLog
2026-10-01T10:40:40.7608795Z [WARNING]   - org.apache.commons.logging.impl.SimpleLog$1
2026-10-01T10:40:40.7609930Z [WARNING] httpclient-4.5.14.jar, httpclient-osgi-4.5.14.jar define 474 overlapping classes and resources: 
2026-10-01T10:40:40.7611244Z [WARNING]   - META-INF/maven/org.apache.httpcomponents/httpclient/pom.properties
2026-10-01T10:40:40.7612344Z [WARNING]   - META-INF/maven/org.apache.httpcomponents/httpclient/pom.xml
2026-10-01T10:40:40.7613167Z [WARNING]   - mozilla/public-suffix-list.txt
2026-10-01T10:40:40.7613801Z [WARNING]   - org.apache.http.auth.AUTH
2026-10-01T10:40:40.7614443Z [WARNING]   - org.apache.http.auth.AuthOption
2026-10-01T10:40:40.7615181Z [WARNING]   - org.apache.http.auth.AuthProtocolState
2026-10-01T10:40:40.7615910Z [WARNING]   - org.apache.http.auth.AuthScheme
2026-10-01T10:40:40.7616856Z [WARNING]   - org.apache.http.auth.AuthSchemeFactory
2026-10-01T10:40:40.7617643Z [WARNING]   - org.apache.http.auth.AuthSchemeProvider
2026-10-01T10:40:40.7618419Z [WARNING]   - org.apache.http.auth.AuthSchemeRegistry
2026-10-01T10:40:40.7619287Z [WARNING]   - 464 more...
2026-10-01T10:40:40.7620168Z [WARNING] httpclient-osgi-4.5.14.jar, httpmime-4.5.14.jar define 26 overlapping classes and resources: 
2026-10-01T10:40:40.7621463Z [WARNING]   - META-INF/maven/org.apache.httpcomponents/httpmime/pom.properties
2026-10-01T10:40:40.7622525Z [WARNING]   - META-INF/maven/org.apache.httpcomponents/httpmime/pom.xml
2026-10-01T10:40:40.7623501Z [WARNING]   - org.apache.http.entity.mime.AbstractMultipartForm
2026-10-01T10:40:40.7624360Z [WARNING]   - org.apache.http.entity.mime.FormBodyPart
2026-10-01T10:40:40.7625215Z [WARNING]   - org.apache.http.entity.mime.FormBodyPartBuilder
2026-10-01T10:40:40.7626014Z [WARNING]   - org.apache.http.entity.mime.Header
2026-10-01T10:40:40.7626943Z [WARNING]   - org.apache.http.entity.mime.HttpBrowserCompatibleMultipart
2026-10-01T10:40:40.7627868Z [WARNING]   - org.apache.http.entity.mime.HttpMultipart
2026-10-01T10:40:40.7628888Z [WARNING]   - org.apache.http.entity.mime.HttpMultipart$1
2026-10-01T10:40:40.7629734Z [WARNING]   - org.apache.http.entity.mime.HttpMultipartMode
2026-10-01T10:40:40.7630399Z [WARNING]   - 16 more...
2026-10-01T10:40:40.7631880Z [WARNING] checker-qual-3.43.0.jar, commons-codec-1.11.jar, commons-io-2.18.0.jar, commons-lang3-3.18.0.jar, commons-logging-1.2.jar, httpclient-osgi-4.5.14.jar define 1 overlapping resource: 
2026-10-01T10:40:40.7633386Z [WARNING]   - META-INF/LICENSE.txt
2026-10-01T10:40:40.7634059Z [WARNING] maven-shade-plugin has detected that some files are
2026-10-01T10:40:40.7634914Z [WARNING] present in two or more JARs. When this happens, only one
2026-10-01T10:40:40.7635783Z [WARNING] single version of the file is copied to the uber jar.
2026-10-01T10:40:40.7636916Z [WARNING] Usually this is not harmful and you can skip these warnings,
2026-10-01T10:40:40.7637928Z [WARNING] otherwise try to manually exclude artifacts based on
2026-10-01T10:40:40.7639106Z [WARNING] mvn dependency:tree -Ddetail=true and the above output.
2026-10-01T10:40:40.7640053Z [WARNING] See https://maven.apache.org/plugins/maven-shade-plugin/
2026-10-01T10:40:40.7695114Z [INFO] Attaching shaded artifact.
2026-10-01T10:40:40.7715770Z [INFO] 
2026-10-01T10:40:40.7734717Z [INFO] --- install:3.1.4:install (default-install) @ widoco ---
2026-10-01T10:40:40.7894326Z [INFO] Installing /home/runner/work/Widoco/Widoco/pom.xml to /home/runner/.m2/repository/es/oeg/widoco/1.4.26/widoco-1.4.26.pom
2026-10-01T10:40:40.7920510Z [INFO] Installing /home/runner/work/Widoco/Widoco/target/widoco-1.4.26.jar to /home/runner/.m2/repository/es/oeg/widoco/1.4.26/widoco-1.4.26.jar
2026-10-01T10:40:40.7950502Z [INFO] Installing /home/runner/work/Widoco/Widoco/JAR/widoco-1.4.26-jar-with-dependencies.jar to /home/runner/.m2/repository/es/oeg/widoco/1.4.26/widoco-1.4.26-launcher.jar
2026-10-01T10:40:40.8071075Z [INFO] 
2026-10-01T10:40:40.8072020Z [INFO] ------------------< es.oeg:widoco-converter-reactor >-------------------
2026-10-01T10:40:40.8073273Z [INFO] Building widoco-converter-reactor 1.4.26                           [3/3]
2026-10-01T10:40:40.8074184Z [INFO]   from pom.xml
2026-10-01T10:40:40.8074836Z [INFO] --------------------------------[ pom ]---------------------------------
2026-10-01T10:40:40.8077296Z [INFO] 
2026-10-01T10:40:40.8078073Z [INFO] --- install:3.1.4:install (default-install) @ widoco-converter-reactor ---
2026-10-01T10:40:40.8100117Z [INFO] Installing /home/runner/work/Widoco/Widoco/build-reactor/pom.xml to /home/runner/.m2/repository/es/oeg/widoco-converter-reactor/1.4.26/widoco-converter-reactor-1.4.26.pom
2026-10-01T10:40:40.8101769Z [INFO] ------------------------------------------------------------------------
2026-10-01T10:40:40.8102472Z [INFO] Reactor Summary:
2026-10-01T10:40:40.8102918Z [INFO] 
2026-10-01T10:40:40.8109400Z [INFO] owl2vowl-core 1.0.0-teamdigitale-5cdef094 .......... SUCCESS [  5.629 s]
2026-10-01T10:40:40.8112598Z [INFO] Widoco 1.4.26 ...................................... SUCCESS [ 17.882 s]
2026-10-01T10:40:40.8113668Z [INFO] widoco-converter-reactor 1.4.26 .................... SUCCESS [  0.003 s]
2026-10-01T10:40:40.8114851Z [INFO] ------------------------------------------------------------------------
2026-10-01T10:40:40.8115754Z [INFO] BUILD SUCCESS
2026-10-01T10:40:40.8116500Z [INFO] ------------------------------------------------------------------------
2026-10-01T10:40:40.8117492Z [INFO] Total time:  24.251 s
2026-10-01T10:40:40.8119605Z [INFO] Finished at: 2026-10-01T10:40:40Z
2026-10-01T10:40:40.8121835Z [INFO] ------------------------------------------------------------------------
2026-10-01T10:40:40.8560594Z ##[group]Run mkdir -p .trivy-tools
2026-10-01T10:40:40.8560982Z [36;1mmkdir -p .trivy-tools[0m
2026-10-01T10:40:40.8561277Z [36;1mcd .trivy-tools[0m
2026-10-01T10:40:40.8562023Z [36;1mcurl --fail --location --retry 3 --output trivy_0.74.0_Linux-64bit.tar.gz https://github.com/aquasecurity/trivy/releases/download/v0.74.0/trivy_0.74.0_linux-64bit.tar.gz[0m
2026-10-01T10:40:40.8563187Z [36;1mcurl --fail --location --retry 3 --output checksums.txt https://github.com/aquasecurity/trivy/releases/download/v0.74.0/trivy_0.74.0_checksums.txt[0m
2026-10-01T10:40:40.8563942Z [36;1msha256sum --check --ignore-missing checksums.txt[0m
2026-10-01T10:40:40.8564337Z [36;1mtar -xzf trivy_0.74.0_Linux-64bit.tar.gz trivy[0m
2026-10-01T10:40:40.8630516Z shell: /usr/bin/bash -e {0}
2026-10-01T10:40:40.8630793Z env:
2026-10-01T10:40:40.8630992Z   REGISTRY: ghcr.io
2026-10-01T10:40:40.8631247Z   IMAGE_NAME: silverspy/Widoco
2026-10-01T10:40:40.8631643Z   JAVA_HOME: /opt/hostedtoolcache/Java_Zulu_jdk/11.0.32-9/x64
2026-10-01T10:40:40.8632082Z   JAVA_HOME_11_X64: /opt/hostedtoolcache/Java_Zulu_jdk/11.0.32-9/x64
2026-10-01T10:40:40.8632624Z   MAVEN_ARGS: -ntp
2026-10-01T10:40:40.8632850Z ##[endgroup]
2026-10-01T10:40:40.8808878Z   % Total    % Received % Xferd  Average Speed   Time    Time     Time  Current
2026-10-01T10:40:40.8811299Z                                  Dload  Upload   Total   Spent    Left  Speed
2026-10-01T10:40:40.8811806Z 
2026-10-01T10:40:40.9822364Z   0     0    0     0    0     0      0      0 --:--:-- --:--:-- --:--:--     0
2026-10-01T10:40:40.9823055Z   0     0    0     0    0     0      0      0 --:--:-- --:--:-- --:--:--     0
2026-10-01T10:40:41.1083995Z 
2026-10-01T10:40:41.1084793Z 100 48.0M  100 48.0M    0     0   211M      0 --:--:-- --:--:-- --:--:--  211M
2026-10-01T10:40:41.1176987Z   % Total    % Received % Xferd  Average Speed   Time    Time     Time  Current
2026-10-01T10:40:41.1178153Z                                  Dload  Upload   Total   Spent    Left  Speed
2026-10-01T10:40:41.1178869Z 
2026-10-01T10:40:41.1503088Z   0     0    0     0    0     0      0      0 --:--:-- --:--:-- --:--:--     0
2026-10-01T10:40:41.1504109Z   0     0    0     0    0     0      0      0 --:--:-- --:--:-- --:--:--     0
2026-10-01T10:40:41.1780870Z 
2026-10-01T10:40:41.1781379Z 100  2121  100  2121    0     0  35027      0 --:--:-- --:--:-- --:--:-- 35027
2026-10-01T10:40:41.2194636Z trivy_0.74.0_Linux-64bit.tar.gz: OK
2026-10-01T10:40:42.1878401Z ##[group]Run mkdir -p target/security/trivy
2026-10-01T10:40:42.1879182Z [36;1mmkdir -p target/security/trivy[0m
2026-10-01T10:40:42.1879552Z [36;1mtouch target/security/trivy/empty.trivyignore[0m
2026-10-01T10:40:42.1880769Z [36;1m.trivy-tools/trivy rootfs --scanners vuln --detection-priority comprehensive --ignorefile target/security/trivy/empty.trivyignore --list-all-pkgs --no-progress --timeout 15m --format json --output target/security/trivy/final-jar.json JAR/widoco-1.4.26-jar-with-dependencies.jar[0m
2026-10-01T10:40:42.1882637Z [36;1m.trivy-tools/trivy fs --scanners vuln --detection-priority comprehensive --ignorefile target/security/trivy/empty.trivyignore --list-all-pkgs --no-progress --timeout 15m --format json --output target/security/trivy/source.json .[0m
2026-10-01T10:40:42.1884266Z [36;1mpython scripts/security/audit-frontend-jar.py JAR/widoco-1.4.26-jar-with-dependencies.jar src/main/resources target/security/trivy/frontend-provenance.json target/security/trivy/frontend-assets[0m
2026-10-01T10:40:42.1885471Z [36;1mnode scripts/security/frontend-sbom.mjs scripts/security/frontend-components.json target/security/trivy/frontend.cdx.json[0m
2026-10-01T10:40:42.1886876Z [36;1m.trivy-tools/trivy sbom --scanners vuln --detection-priority comprehensive --ignorefile target/security/trivy/empty.trivyignore --list-all-pkgs --no-progress --format json --output target/security/trivy/frontend.json target/security/trivy/frontend.cdx.json[0m
2026-10-01T10:40:42.1888062Z [36;1m.trivy-tools/trivy --version > target/security/trivy/version.txt[0m
2026-10-01T10:40:42.1888908Z [36;1msha256sum JAR/widoco-1.4.26-jar-with-dependencies.jar > target/security/trivy/sha256.txt[0m
2026-10-01T10:40:42.1889958Z [36;1mnode scripts/security/summarize-trivy.mjs target/security/trivy/summary.json target/security/trivy/final-jar.json target/security/trivy/source.json target/security/trivy/frontend.json[0m
2026-10-01T10:40:42.1891221Z [36;1mnode -e "const r=require('./target/security/trivy/final-jar.json');if(!r.Results?.some(x=>x.Type==='jar'&&x.Packages?.length))throw Error('No Java packages identified')"[0m
2026-10-01T10:40:42.1954507Z shell: /usr/bin/bash -e {0}
2026-10-01T10:40:42.1954787Z env:
2026-10-01T10:40:42.1954994Z   REGISTRY: ghcr.io
2026-10-01T10:40:42.1955246Z   IMAGE_NAME: silverspy/Widoco
2026-10-01T10:40:42.1955599Z   JAVA_HOME: /opt/hostedtoolcache/Java_Zulu_jdk/11.0.32-9/x64
2026-10-01T10:40:42.1956050Z   JAVA_HOME_11_X64: /opt/hostedtoolcache/Java_Zulu_jdk/11.0.32-9/x64
2026-10-01T10:40:42.1956435Z   MAVEN_ARGS: -ntp
2026-10-01T10:40:42.1956658Z ##[endgroup]
2026-10-01T10:40:42.2605496Z 2026-10-01T10:40:42Z	INFO	[vulndb] Need to update DB
2026-10-01T10:40:42.2606736Z 2026-10-01T10:40:42Z	INFO	[vulndb] Downloading vulnerability DB...
2026-10-01T10:40:42.2607767Z 2026-10-01T10:40:42Z	INFO	[vulndb] Downloading artifact...	repo="mirror.gcr.io/aquasec/trivy-db:2"
2026-10-01T10:40:46.6991484Z 2026-10-01T10:40:46Z	INFO	[vulndb] Artifact successfully downloaded	repo="mirror.gcr.io/aquasec/trivy-db:2"
2026-10-01T10:40:46.7000133Z 2026-10-01T10:40:46Z	INFO	[vuln] Vulnerability scanning is enabled
2026-10-01T10:40:46.7009649Z 2026-10-01T10:40:46Z	INFO	[javadb] Downloading Java DB...
2026-10-01T10:40:46.7010589Z 2026-10-01T10:40:46Z	INFO	[javadb] Downloading artifact...	repo="mirror.gcr.io/aquasec/trivy-java-db:1"
2026-10-01T10:41:02.7578881Z 2026-10-01T10:41:02Z	INFO	[javadb] Artifact successfully downloaded	repo="mirror.gcr.io/aquasec/trivy-java-db:1"
2026-10-01T10:41:02.7580926Z 2026-10-01T10:41:02Z	INFO	[javadb] Java DB is cached for 3 days. If you want to update the database more frequently, "trivy clean --java-db" command clears the DB cache.
2026-10-01T10:41:02.8012077Z 2026-10-01T10:41:02Z	INFO	Number of language-specific files	num=1
2026-10-01T10:41:02.8012636Z 2026-10-01T10:41:02Z	INFO	[jar] Detecting vulnerabilities...
2026-10-01T10:41:02.8626727Z 2026-10-01T10:41:02Z	INFO	[vuln] Vulnerability scanning is enabled
2026-10-01T10:41:03.2520002Z 2026-10-01T10:41:03Z	INFO	Number of language-specific files	num=3
2026-10-01T10:41:03.2521084Z 2026-10-01T10:41:03Z	INFO	[pom] Detecting vulnerabilities...
2026-10-01T10:41:03.3926080Z 14 packaged JavaScript files identified and matched to source.
2026-10-01T10:41:03.6203911Z Recorded 7 explicit packaged frontend versions
2026-10-01T10:41:03.6765748Z 2026-10-01T10:41:03Z	INFO	[vuln] Vulnerability scanning is enabled
2026-10-01T10:41:03.6766959Z 2026-10-01T10:41:03Z	INFO	Detected SBOM format	format="cyclonedx-json"
2026-10-01T10:41:03.6770480Z 2026-10-01T10:41:03Z	WARN	Third-party SBOM may lead to inaccurate vulnerability detection
2026-10-01T10:41:03.6771689Z 2026-10-01T10:41:03Z	WARN	Recommend using Trivy to generate SBOMs
2026-10-01T10:41:03.6780981Z 2026-10-01T10:41:03Z	INFO	Number of language-specific files	num=1
2026-10-01T10:41:03.6782133Z 2026-10-01T10:41:03Z	INFO	[node-pkg] Detecting vulnerabilities...
2026-10-01T10:41:03.7897602Z {"file":"target/security/trivy/final-jar.json","uniqueAdvisories":0,"CRITICAL":0,"HIGH":0,"MEDIUM":0,"LOW":0,"UNKNOWN":0}
2026-10-01T10:41:03.7899346Z {"file":"target/security/trivy/source.json","uniqueAdvisories":0,"CRITICAL":0,"HIGH":0,"MEDIUM":0,"LOW":0,"UNKNOWN":0}
2026-10-01T10:41:03.7901045Z {"file":"target/security/trivy/frontend.json","uniqueAdvisories":17,"CRITICAL":0,"HIGH":0,"MEDIUM":13,"LOW":4,"UNKNOWN":0}
2026-10-01T10:41:03.8271329Z ##[group]Run actions/upload-artifact@v7
2026-10-01T10:41:03.8271649Z with:
2026-10-01T10:41:03.8271873Z   name: widoco-trivy-audit
2026-10-01T10:41:03.8272387Z   path: JAR/widoco-1.4.26-jar-with-dependencies.jar
target/security/trivy/*.json
target/security/trivy/*.txt

2026-10-01T10:41:03.8272924Z   if-no-files-found: warn
2026-10-01T10:41:03.8273179Z   compression-level: 6
2026-10-01T10:41:03.8273421Z   overwrite: false
2026-10-01T10:41:03.8273655Z   include-hidden-files: false
2026-10-01T10:41:03.8273902Z   archive: true
2026-10-01T10:41:03.8274109Z env:
2026-10-01T10:41:03.8274295Z   REGISTRY: ghcr.io
2026-10-01T10:41:03.8274533Z   IMAGE_NAME: silverspy/Widoco
2026-10-01T10:41:03.8274862Z   JAVA_HOME: /opt/hostedtoolcache/Java_Zulu_jdk/11.0.32-9/x64
2026-10-01T10:41:03.8275291Z   JAVA_HOME_11_X64: /opt/hostedtoolcache/Java_Zulu_jdk/11.0.32-9/x64
2026-10-01T10:41:03.8275642Z   MAVEN_ARGS: -ntp
2026-10-01T10:41:03.8275864Z ##[endgroup]
2026-10-01T10:41:03.9730790Z Multiple search paths detected. Calculating the least common ancestor of all paths
2026-10-01T10:41:03.9732581Z The least common ancestor is /home/runner/work/Widoco/Widoco. This will be the root directory of the artifact
2026-10-01T10:41:03.9733669Z With the provided path, there will be 9 files uploaded
2026-10-01T10:41:03.9734535Z Artifact name is valid!
2026-10-01T10:41:03.9734975Z Root directory input is valid!
2026-10-01T10:41:04.2039491Z Uploading artifact: widoco-trivy-audit.zip
2026-10-01T10:41:04.2083656Z Beginning upload of artifact content to blob storage
2026-10-01T10:41:04.6609078Z Uploaded bytes 8388608
2026-10-01T10:41:04.9151343Z Uploaded bytes 16777216
2026-10-01T10:41:05.2510947Z Uploaded bytes 24224391
2026-10-01T10:41:05.2638492Z Finished uploading artifact content to blob storage!
2026-10-01T10:41:05.2640124Z SHA256 digest of uploaded artifact is 6c5e03054c58e2c19babc6231073979d270d5faf518d214284232fcd1654d24b
2026-10-01T10:41:05.2641509Z Finalizing artifact upload
2026-10-01T10:41:05.4838311Z Artifact widoco-trivy-audit successfully finalized. Artifact ID 11156015329
2026-10-01T10:41:05.4839728Z Artifact widoco-trivy-audit has been successfully uploaded! Final size is 24224391 bytes. Artifact ID is 11156015329
2026-10-01T10:41:05.4843497Z Artifact download URL: https://github.com/silverspy/Widoco/actions/runs/36850560381/artifacts/11156015329
2026-10-01T10:41:05.5054935Z Post job cleanup.
2026-10-01T10:41:05.6225319Z Cache hit occurred on the primary key setup-java-Linux-x64-maven-4a7eea6cc09df84163e06720feed812a1ff15480338be53aff6e25b213ff9cdb, not saving cache.
2026-10-01T10:41:05.6234602Z Cache hit occurred on the JDK primary key setup-java-jdk-v1-Linux-x64-7778c6be2b07899c8885cd75966e952e32e0fa66598a48b8a5e296db91cd90f6, not saving cache.
2026-10-01T10:41:05.6452582Z Post job cleanup.
2026-10-01T10:41:05.7427741Z [command]/usr/bin/git version
2026-10-01T10:41:05.7509321Z git version 2.55.0
2026-10-01T10:41:05.7555404Z Temporarily overriding HOME='/home/runner/work/_temp/b0dbe2e6-347b-424b-8ee1-3a567df5914c' before making global git config changes
2026-10-01T10:41:05.7557363Z Adding repository directory to the temporary git global config as a safe directory
2026-10-01T10:41:05.7559995Z [command]/usr/bin/git config --global --add safe.directory /home/runner/work/Widoco/Widoco
2026-10-01T10:41:05.7606710Z Removing SSH command configuration
2026-10-01T10:41:05.7613942Z [command]/usr/bin/git config --local --name-only --get-regexp core\.sshCommand
2026-10-01T10:41:05.7670790Z [command]/usr/bin/git submodule foreach --recursive sh -c "git config --local --name-only --get-regexp 'core\.sshCommand' && git config --local --unset-all 'core.sshCommand' || :"
2026-10-01T10:41:05.7976614Z Removing HTTP extra header
2026-10-01T10:41:05.7984467Z [command]/usr/bin/git config --local --name-only --get-regexp http\.https\:\/\/github\.com\/\.extraheader
2026-10-01T10:41:05.8032856Z [command]/usr/bin/git submodule foreach --recursive sh -c "git config --local --name-only --get-regexp 'http\.https\:\/\/github\.com\/\.extraheader' && git config --local --unset-all 'http.https://github.com/.extraheader' || :"
2026-10-01T10:41:05.8365263Z Removing includeIf entries pointing to credentials config files
2026-10-01T10:41:05.8375045Z [command]/usr/bin/git config --local --name-only --get-regexp ^includeIf\.gitdir:
2026-10-01T10:41:05.8425205Z includeif.gitdir:/home/runner/work/Widoco/Widoco/.git.path
2026-10-01T10:41:05.8426388Z includeif.gitdir:/home/runner/work/Widoco/Widoco/.git/worktrees/*.path
2026-10-01T10:41:05.8427610Z includeif.gitdir:/github/workspace/.git.path
2026-10-01T10:41:05.8428309Z includeif.gitdir:/github/workspace/.git/worktrees/*.path
2026-10-01T10:41:05.8438822Z [command]/usr/bin/git config --local --get-all includeif.gitdir:/home/runner/work/Widoco/Widoco/.git.path
2026-10-01T10:41:05.8467941Z /home/runner/work/_temp/git-credentials-be237441-fc77-43ad-8d22-a899e2ed371c.config
2026-10-01T10:41:05.8480884Z [command]/usr/bin/git config --local --unset includeif.gitdir:/home/runner/work/Widoco/Widoco/.git.path \/home\/runner\/work\/_temp\/git\-credentials\-be237441\-fc77\-43ad\-8d22\-a899e2ed371c\.config
2026-10-01T10:41:05.8528434Z [command]/usr/bin/git config --local --get-all includeif.gitdir:/home/runner/work/Widoco/Widoco/.git/worktrees/*.path
2026-10-01T10:41:05.8560674Z /home/runner/work/_temp/git-credentials-be237441-fc77-43ad-8d22-a899e2ed371c.config
2026-10-01T10:41:05.8590949Z [command]/usr/bin/git config --local --unset includeif.gitdir:/home/runner/work/Widoco/Widoco/.git/worktrees/*.path \/home\/runner\/work\/_temp\/git\-credentials\-be237441\-fc77\-43ad\-8d22\-a899e2ed371c\.config
2026-10-01T10:41:05.8621351Z [command]/usr/bin/git config --local --get-all includeif.gitdir:/github/workspace/.git.path
2026-10-01T10:41:05.8648349Z /github/runner_temp/git-credentials-be237441-fc77-43ad-8d22-a899e2ed371c.config
2026-10-01T10:41:05.8669988Z [command]/usr/bin/git config --local --unset includeif.gitdir:/github/workspace/.git.path \/github\/runner_temp\/git\-credentials\-be237441\-fc77\-43ad\-8d22\-a899e2ed371c\.config
2026-10-01T10:41:05.8699486Z [command]/usr/bin/git config --local --get-all includeif.gitdir:/github/workspace/.git/worktrees/*.path
2026-10-01T10:41:05.8726004Z /github/runner_temp/git-credentials-be237441-fc77-43ad-8d22-a899e2ed371c.config
2026-10-01T10:41:05.8733625Z [command]/usr/bin/git config --local --unset includeif.gitdir:/github/workspace/.git/worktrees/*.path \/github\/runner_temp\/git\-credentials\-be237441\-fc77\-43ad\-8d22\-a899e2ed371c\.config
2026-10-01T10:41:05.8771682Z [command]/usr/bin/git submodule foreach --recursive git config --local --show-origin --name-only --get-regexp remote.origin.url
2026-10-01T10:41:05.8997365Z Removing credentials config '/home/runner/work/_temp/git-credentials-be237441-fc77-43ad-8d22-a899e2ed371c.config'
2026-10-01T10:41:05.9142455Z Cleaning up orphan processes
